Cycle start time,Cycle end time,Cycle timezone,Sleep onset,Wake onset,Sleep performance %,Respiratory rate (rpm),Asleep duration (min),In bed duration (min),Light sleep duration (min),Deep (SWS) duration (min),REM duration (min),Awake duration (min),Sleep need (min),Sleep debt (min),Sleep efficiency %,Sleep consistency %,Nap
2024-04-02 21:33:22,,UTC-07:00,2024-04-02 21:33:22,2024-04-03 06:56:11,81,13.8,440,562,377,30,33,122,543,97,79,54,false
2024-04-01 20:30:26,2024-04-02 21:33:22,UTC-07:00,2024-04-02 13:09:00,2024-04-02 14:09:00,6,15.0,34,60,34,0,0,26,549,97,62,,true
2024-04-01 20:30:26,2024-04-02 21:33:22,UTC-07:00,2024-04-02 07:30:00,2024-04-02 08:45:00,10,14.0,61,75,61,0,0,13,607,97,96,,true
2024-04-01 20:30:26,2024-04-02 21:33:22,UTC-07:00,2024-04-01 20:30:26,2024-04-02 04:36:39,67,13.8,394,486,335,39,20,92,590,44,85,,false
2024-03-31 21:57:34,2024-04-01 20:30:26,UTC-07:00,2024-03-31 21:57:34,2024-04-01 06:53:41,87,13.8,459,533,335,57,67,74,529,45,86,,false
2024-03-20 22:23:13,2024-03-21 22:23:13,UTC-07:00,2024-03-21 04:30:35,2024-03-21 07:00:33,26,15.4,139,149,42,47,50,10,531,45,92,,true
2024-03-19 22:23:13,2024-03-20 22:23:13,UTC-07:00,2024-03-19 22:23:13,2024-03-20 08:20:06,84,14.4,478,596,333,95,50,118,569,0,80,,false
2024-02-28 21:15:13,2024-02-29 21:15:13,UTC-08:00,2024-02-29 15:00:00,2024-02-29 16:15:00,9,13.5,49,75,37,0,12,26,564,77,87,,true
2024-02-28 21:15:13,2024-02-29 21:15:13,UTC-08:00,2024-02-28 21:15:13,2024-02-29 06:48:42,80,13.5,473,573,310,77,86,100,594,91,82,84,false
2024-02-27 21:24:18,2024-02-28 21:15:13,UTC-08:00,2024-02-27 21:24:18,2024-02-28 08:20:20,76,13.8,454,656,311,84,59,202,597,85,72,82,false
2024-02-26 21:30:31,2024-02-27 21:24:18,UTC-08:00,2024-02-26 21:30:31,2024-02-27 06:50:46,78,13.6,464,560,386,55,23,96,598,73,85,76,false
2024-02-25 21:30:35,2024-02-26 21:30:31,UTC-08:00,2024-02-25 21:30:35,2024-02-26 08:20:04,81,14.0,499,649,278,116,105,150,614,127,76,66,false
2024-02-24 23:30:42,2024-02-25 21:30:35,UTC-08:00,2024-02-24 23:30:42,2024-02-25 09:14:43,67,14.1,423,584,181,78,164,161,630,127,72,66,false
2024-02-22 23:30:00,2024-02-23 19:22:09,UTC-08:00,2024-02-22 23:30:00,2024-02-23 06:50:00,49,14.0,304,440,148,60,96,136,619,104,71,61,false
2024-02-21 21:30:32,2024-02-22 23:30:00,UTC-08:00,2024-02-21 21:30:32,2024-02-22 08:10:09,74,14.3,466,639,306,69,91,173,628,104,73,,false
2024-02-20 20:45:16,2024-02-21 21:30:32,UTC-08:00,2024-02-20 20:45:16,2024-02-21 06:55:32,74,14.3,465,610,350,78,37,145,628,100,78,,false
2024-02-19 22:00:34,2024-02-20 20:45:16,UTC-08:00,2024-02-19 22:00:34,2024-02-20 08:50:55,10,13.2,62,73,51,0,11,11,643,100,88,,false
2024-02-08 21:40:13,2024-02-09 21:40:13,UTC-08:00,2024-02-08 21:40:13,2024-02-09 06:50:19,68,13.7,419,550,335,49,35,131,620,110,76,69,false
2024-02-07 22:00:16,2024-02-08 21:40:13,UTC-08:00,2024-02-07 22:00:16,2024-02-08 08:17:12,74,13.9,477,616,329,66,82,139,648,127,77,54,false
2024-02-06 20:35:00,2024-02-07 22:00:16,UTC-08:00,2024-02-06 20:35:00,2024-02-07 06:55:00,64,13.9,402,620,262,71,69,218,628,117,66,56,false
2024-02-05 20:45:49,2024-02-06 20:35:00,UTC-08:00,2024-02-06 12:57:00,2024-02-06 14:10:00,4,13.8,28,73,25,0,3,45,635,117,87,,true
2024-02-05 20:45:49,2024-02-06 20:35:00,UTC-08:00,2024-02-05 20:45:49,2024-02-06 05:30:08,70,13.8,433,524,360,20,53,91,615,79,83,53,false
2024-02-04 20:35:58,2024-02-05 20:45:49,UTC-08:00,2024-02-04 20:35:58,2024-02-05 07:00:55,80,13.6,491,624,243,94,154,133,615,127,79,40,false
2024-02-04 00:32:35,2024-02-04 20:35:58,UTC-08:00,2024-02-04 00:32:35,2024-02-04 01:51:25,11,12.9,66,78,56,0,10,12,636,126,85,37,false
2024-02-02 21:44:00,2024-02-04 00:32:35,UTC-08:00,2024-02-03 10:41:00,2024-02-03 11:49:00,3,14.2,20,68,20,0,0,48,656,126,35,,true
2024-02-02 21:44:00,2024-02-04 00:32:35,UTC-08:00,2024-02-02 21:44:00,2024-02-03 06:00:00,66,13.8,379,496,217,83,79,117,576,117,76,63,false
2024-02-01 21:45:40,2024-02-02 21:44:00,UTC-08:00,2024-02-02 13:03:00,2024-02-02 14:15:00,9,14.9,57,72,38,2,17,15,604,117,80,,true
2024-02-01 21:45:40,2024-02-02 21:44:00,UTC-08:00,2024-02-01 21:45:40,2024-02-02 08:20:25,64,13.9,412,634,201,63,148,222,646,127,65,63,false
2024-01-31 21:00:00,2024-02-01 21:45:40,UTC-08:00,2024-01-31 21:00:00,2024-02-01 04:35:00,55,14.2,337,455,282,46,9,118,614,127,74,50,false
2024-01-30 21:30:00,2024-01-31 21:00:00,UTC-08:00,2024-01-31 13:10:00,2024-01-31 14:10:00,6,14.7,37,60,34,3,0,23,614,127,87,,true
2024-01-30 21:30:00,2024-01-31 21:00:00,UTC-08:00,2024-01-30 21:30:00,2024-01-31 08:20:00,49,13.9,321,650,163,53,105,321,648,108,50,63,false
2024-01-29 21:00:16,2024-01-30 21:30:00,UTC-08:00,2024-01-29 21:00:16,2024-01-30 04:35:59,63,13.7,369,455,324,41,4,86,587,50,82,55,false
2024-01-28 21:00:38,2024-01-29 21:00:16,UTC-08:00,2024-01-28 21:00:38,2024-01-29 06:50:23,86,14.1,496,589,230,85,181,93,574,85,86,70,false
2024-01-26 21:00:41,2024-01-28 00:00:00,UTC-08:00,2024-01-26 21:00:41,2024-01-27 06:20:27,77,14.2,443,559,247,98,98,116,576,89,80,37,false
2024-01-25 23:23:52,2024-01-26 21:00:41,UTC-08:00,2024-01-25 23:23:52,2024-01-26 09:35:46,71,14.0,441,611,218,74,149,162,620,110,73,29,false
2024-01-24 21:00:58,2024-01-25 23:23:52,UTC-08:00,2024-01-24 21:00:58,2024-01-25 05:30:53,64,13.8,384,509,262,77,45,125,605,83,76,40,false
2024-01-22 20:59:50,2024-01-23 20:59:50,UTC-08:00,2024-01-23 12:12:00,2024-01-23 13:53:00,10,14.1,59,101,50,9,0,42,615,83,63,,true
2024-01-22 20:59:50,2024-01-23 20:59:50,UTC-08:00,2024-01-22 20:59:50,2024-01-23 05:29:20,72,13.4,434,507,335,60,39,73,600,60,88,49,false
2024-01-21 21:00:14,2024-01-22 20:59:50,UTC-08:00,2024-01-21 21:00:14,2024-01-22 06:50:34,84,13.6,486,590,257,102,127,104,580,93,83,54,false
2024-01-21 00:49:21,2024-01-21 21:00:14,UTC-08:00,2024-01-21 00:49:21,2024-01-21 10:29:23,69,13.7,427,580,234,97,96,153,615,83,73,75,false
2024-01-20 01:03:46,2024-01-21 00:49:21,UTC-08:00,2024-01-20 01:03:46,2024-01-20 09:44:19,78,13.8,461,520,194,86,181,59,592,81,88,73,false
2024-01-18 22:14:07,2024-01-20 01:03:46,UTC-08:00,2024-01-18 22:14:07,2024-01-19 08:48:06,80,13.8,495,633,320,92,83,138,621,81,78,72,false
2024-01-18 00:27:52,2024-01-18 22:14:07,UTC-08:00,2024-01-18 00:27:52,2024-01-18 09:22:21,78,13.9,458,534,192,80,186,76,585,95,86,73,false
2024-01-16 23:28:22,2024-01-18 00:27:52,UTC-08:00,2024-01-16 23:28:22,2024-01-17 10:07:21,77,14.0,494,638,314,105,75,144,643,127,77,57,false
2024-01-16 00:00:57,2024-01-16 23:28:22,UTC-08:00,2024-01-16 00:00:57,2024-01-16 09:45:11,70,13.9,458,584,264,87,107,126,658,127,81,45,false
2024-01-15 00:25:51,2024-01-16 00:00:57,UTC-08:00,2024-01-15 00:25:51,2024-01-15 08:51:01,68,13.9,418,503,139,98,181,85,617,127,83,33,false
2024-01-12 23:03:28,2024-01-14 00:00:00,UTC-08:00,2024-01-13 17:18:21,2024-01-13 18:55:55,13,14.9,82,97,63,19,0,15,661,127,97,,true
2024-01-12 23:03:28,2024-01-14 00:00:00,UTC-08:00,2024-01-12 23:03:28,2024-01-13 05:10:41,52,14.1,317,367,214,46,57,50,615,127,86,64,false
2024-01-11 21:30:38,2024-01-12 23:03:28,UTC-08:00,2024-01-11 21:30:38,2024-01-12 06:50:33,64,14.1,431,559,254,69,108,128,678,127,82,75,false
2024-01-10 20:50:07,2024-01-11 21:30:38,UTC-08:00,2024-01-10 20:50:07,2024-01-11 04:36:40,53,14.1,347,466,251,50,46,119,660,127,77,79,false
2024-01-09 20:30:00,2024-01-10 20:50:07,UTC-08:00,2024-01-09 20:30:00,2024-01-10 06:50:22,53,14.1,355,620,228,70,57,265,676,127,61,81,false
2024-01-08 20:46:10,2024-01-09 20:30:00,UTC-08:00,2024-01-08 20:46:10,2024-01-09 04:33:12,50,14.4,303,467,226,20,57,164,609,78,69,58,false
2024-01-07 20:43:25,2024-01-08 20:46:10,UTC-08:00,2024-01-07 20:43:25,2024-01-08 06:40:35,80,13.9,491,597,342,66,83,106,612,127,83,43,false
2024-01-04 21:45:54,2024-01-05 21:45:54,UTC-08:00,2024-01-04 21:45:54,2024-01-05 06:48:05,64,14.2,426,542,152,103,171,116,661,127,82,71,false
2024-01-03 20:26:21,2024-01-04 21:45:54,UTC-08:00,2024-01-03 20:26:21,2024-01-04 04:42:42,58,14.0,385,496,265,61,59,111,665,127,81,53,false
2024-01-02 21:15:16,2024-01-03 20:26:21,UTC-08:00,2024-01-02 21:15:16,2024-01-03 06:50:00,68,14.3,449,574,266,58,125,125,656,109,81,56,false
2024-01-01 20:00:00,2024-01-02 21:15:16,UTC-08:00,2024-01-01 20:00:00,2024-01-02 04:35:00,72,14.6,445,515,257,96,92,70,615,127,89,28,false
2023-12-31 01:46:42,2024-01-01 20:00:00,UTC-08:00,2023-12-31 01:46:42,2023-12-31 06:30:48,38,14.6,229,282,176,24,29,53,597,127,81,46,false
2023-12-29 22:26:47,2023-12-31 01:46:42,UTC-08:00,2023-12-30 11:15:00,2023-12-30 13:00:00,10,15.0,63,105,46,0,17,42,659,127,71,,true
2023-12-29 22:26:47,2023-12-31 01:46:42,UTC-08:00,2023-12-29 22:26:47,2023-12-30 06:20:07,57,13.9,385,473,269,48,68,88,672,127,81,92,false
2023-12-28 22:00:36,2023-12-29 22:26:47,UTC-08:00,2023-12-28 22:00:36,2023-12-29 06:20:21,56,14.3,367,499,178,89,100,132,650,127,76,92,false
2023-12-27 22:00:42,2023-12-28 22:00:36,UTC-08:00,2023-12-27 22:00:42,2023-12-28 06:20:31,60,13.7,401,499,274,53,74,98,673,127,83,,false
2023-12-26 23:14:36,2023-12-27 22:00:42,UTC-08:00,2023-12-26 23:14:36,2023-12-27 06:04:36,54,13.6,356,409,255,38,63,53,663,127,86,,false
2023-12-22 22:00:17,2023-12-23 22:00:17,UTC-08:00,2023-12-22 22:00:17,2023-12-23 06:20:19,55,14.2,373,500,271,48,54,127,678,127,75,87,false
2023-12-21 21:23:20,2023-12-22 22:00:17,UTC-08:00,2023-12-21 21:23:20,2023-12-22 06:20:07,51,14.1,333,536,189,78,66,203,659,127,66,76,false
2023-12-20 21:06:00,2023-12-21 21:23:20,UTC-08:00,2023-12-20 21:06:00,2023-12-21 06:48:00,46,15.1,294,582,174,63,57,288,641,98,53,61,false
2023-12-19 22:40:48,2023-12-20 21:06:00,UTC-08:00,2023-12-19 22:40:48,2023-12-20 06:33:16,65,13.9,365,472,265,62,38,107,562,4,77,43,false
2023-12-18 21:00:54,2023-12-19 22:40:48,UTC-08:00,2023-12-18 21:00:54,2023-12-19 06:25:54,99,13.9,471,565,226,93,152,94,478,76,85,19,false
2023-12-17 00:00:00,2023-12-18 21:00:54,UTC-08:00,2023-12-17 17:13:13,2023-12-17 19:08:34,20,,115,115,115,0,0,0,563,76,100,,true
2023-12-14 22:01:52,2023-12-15 22:01:52,UTC-08:00,2023-12-14 22:01:52,2023-12-15 09:00:17,81,13.4,497,658,347,83,67,161,617,110,79,56,false
2023-12-13 20:45:35,2023-12-14 22:01:52,UTC-08:00,2023-12-13 20:45:35,2023-12-14 04:35:59,63,13.6,368,470,238,67,63,102,589,73,78,87,false
2023-12-12 21:00:57,2023-12-13 20:45:35,UTC-08:00,2023-12-12 21:00:57,2023-12-13 06:50:45,81,13.7,474,589,325,62,87,115,588,67,83,85,false
2023-12-11 21:00:38,2023-12-12 21:00:57,UTC-08:00,2023-12-11 21:00:38,2023-12-12 06:50:11,78,14.2,465,589,357,56,52,124,599,62,83,76,false
2023-12-10 21:00:10,2023-12-11 21:00:38,UTC-08:00,2023-12-10 21:00:10,2023-12-11 06:49:36,83,13.6,484,589,298,80,106,105,582,92,84,58,false
2023-12-10 00:07:09,2023-12-10 21:00:10,UTC-08:00,2023-12-10 00:07:09,2023-12-10 08:44:53,70,13.8,434,517,287,72,75,83,619,90,83,42,false
2023-12-08 21:00:04,2023-12-10 00:07:09,UTC-08:00,2023-12-08 21:00:04,2023-12-09 06:20:27,71,14.2,446,560,239,60,147,114,626,84,81,80,false
2023-12-06 20:45:01,2023-12-07 20:45:01,UTC-08:00,2023-12-06 20:45:01,2023-12-07 04:35:14,71,14.5,413,470,362,33,18,57,582,40,90,64,false
2023-12-05 21:09:50,2023-12-06 20:45:01,UTC-08:00,2023-12-05 21:09:50,2023-12-06 06:50:48,85,14.2,466,580,382,49,35,114,546,43,80,56,false
2023-12-04 21:46:38,2023-12-05 21:09:50,UTC-08:00,2023-12-04 21:46:38,2023-12-05 06:56:01,84,14.4,454,547,320,72,62,93,541,53,82,47,false
2023-12-02 23:05:50,2023-12-04 00:00:00,UTC-08:00,2023-12-02 23:05:50,2023-12-03 08:00:56,78,14.1,381,535,198,63,120,154,488,0,73,58,false
2023-12-01 22:23:28,2023-12-02 23:05:50,UTC-08:00,2023-12-01 22:23:28,2023-12-02 06:39:01,100,14.7,454,495,357,50,47,41,426,0,92,52,false
2023-11-30 21:17:46,2023-12-01 22:23:28,UTC-08:00,2023-12-01 10:48:54,2023-12-01 12:03:53,14,13.1,71,74,71,0,0,3,497,0,94,,true
2023-11-30 21:17:46,2023-12-01 22:23:28,UTC-08:00,2023-11-30 21:17:46,2023-12-01 06:19:57,100,13.4,488,542,448,16,24,54,454,64,90,54,false
2023-11-29 23:25:11,2023-11-30 21:17:46,UTC-08:00,2023-11-30 08:10:00,2023-11-30 10:59:00,19,15.5,102,169,74,17,11,67,551,64,88,,true
2023-11-29 23:25:11,2023-11-30 21:17:46,UTC-08:00,2023-11-29 23:25:11,2023-11-30 06:41:13,74,15.5,359,436,306,32,21,77,487,0,82,60,false
2023-11-28 21:00:33,2023-11-29 23:25:11,UTC-08:00,2023-11-28 21:00:33,2023-11-29 08:15:19,100,16.5,534,674,425,74,35,140,495,5,79,73,false
2023-11-27 21:05:28,2023-11-28 21:00:33,UTC-08:00,2023-11-27 21:05:28,2023-11-28 09:30:55,99,17.0,551,745,418,44,89,194,560,42,74,62,false
2023-11-26 20:50:18,2023-11-27 21:05:28,UTC-08:00,2023-11-26 20:50:18,2023-11-27 06:50:30,88,14.7,472,600,195,88,189,128,538,50,81,50,false
2023-11-25 23:00:57,2023-11-26 20:50:18,UTC-08:00,2023-11-25 23:00:57,2023-11-26 10:00:39,87,15.1,512,659,356,77,79,147,591,71,78,56,false
2023-11-24 21:45:42,2023-11-25 23:00:57,UTC-08:00,2023-11-24 21:45:42,2023-11-25 06:20:12,75,14.7,425,514,338,61,26,89,569,89,85,41,false
2023-11-23 23:31:19,2023-11-24 21:45:42,UTC-08:00,2023-11-24 11:45:00,2023-11-24 13:00:00,7,15.5,41,75,41,0,0,34,610,89,63,,true
2023-11-23 23:31:19,2023-11-24 21:45:42,UTC-08:00,2023-11-23 23:31:19,2023-11-24 06:26:07,68,14.9,386,411,295,24,67,25,565,76,94,72,false
2023-11-22 23:31:52,2023-11-23 23:31:19,UTC-08:00,2023-11-22 23:31:52,2023-11-23 09:31:07,75,14.1,456,599,303,60,93,143,608,64,76,64,false
2023-11-22 00:12:42,2023-11-22 23:31:52,UTC-08:00,2023-11-22 00:12:42,2023-11-22 09:30:16,77,13.9,432,557,307,76,49,125,561,79,83,54,false
2023-11-20 20:30:38,2023-11-22 00:12:42,UTC-08:00,2023-11-21 09:10:00,2023-11-21 10:30:00,10,14.2,62,80,53,0,9,18,594,79,86,,true
2023-11-20 20:30:38,2023-11-22 00:12:42,UTC-08:00,2023-11-20 20:30:38,2023-11-21 04:34:58,73,13.5,422,484,304,69,49,62,581,31,87,52,false
2023-11-19 23:49:06,2023-11-20 20:30:38,UTC-08:00,2023-11-19 23:49:06,2023-11-20 09:50:22,91,13.8,493,601,196,105,192,108,542,54,82,67,false
2023-11-19 00:03:29,2023-11-19 23:49:06,UTC-08:00,2023-11-19 00:03:29,2023-11-19 09:53:44,85,14.2,468,588,223,119,126,120,553,67,79,45,false
2023-11-17 23:30:40,2023-11-19 00:03:29,UTC-08:00,2023-11-17 23:30:40,2023-11-18 09:35:33,80,13.8,413,604,235,94,84,191,518,82,68,29,false
2023-11-16 20:45:49,2023-11-17 23:30:40,UTC-08:00,2023-11-17 15:35:00,2023-11-17 16:40:00,9,14.5,52,65,48,4,0,13,570,82,100,,true
2023-11-16 20:45:49,2023-11-17 23:30:40,UTC-08:00,2023-11-16 20:45:49,2023-11-17 06:50:29,79,14.0,473,604,285,83,105,131,602,118,80,64,false
2023-11-15 20:30:46,2023-11-16 20:45:49,UTC-08:00,2023-11-16 11:35:00,2023-11-16 12:53:00,9,15.6,59,78,42,10,7,19,628,118,93,,true
2023-11-15 20:30:46,2023-11-16 20:45:49,UTC-08:00,2023-11-15 20:30:46,2023-11-16 04:27:23,60,14.1,360,476,269,39,52,116,598,72,78,76,false
2023-11-14 21:00:09,2023-11-15 20:30:46,UTC-08:00,2023-11-14 21:00:09,2023-11-15 06:50:41,81,14.1,487,590,314,41,132,103,600,74,84,69,false
2023-11-13 20:25:28,2023-11-14 21:00:09,UTC-08:00,2023-11-13 20:25:28,2023-11-14 04:35:31,74,13.8,430,490,291,100,39,60,579,48,88,67,false
2023-11-12 20:46:34,2023-11-13 20:25:28,UTC-08:00,2023-11-12 20:46:34,2023-11-13 06:20:32,86,14.0,483,573,158,112,213,90,559,71,84,52,false
2023-11-11 23:10:25,2023-11-12 20:46:34,UTC-08:00,2023-11-11 23:10:25,2023-11-12 09:02:56,75,14.6,435,592,301,62,72,157,578,51,76,40,false
2023-11-10 21:00:44,2023-11-11 23:10:25,UTC-08:00,2023-11-10 21:00:44,2023-11-11 06:20:00,85,15.2,436,559,278,67,91,123,516,81,81,62,false
2023-11-09 21:05:18,2023-11-10 21:00:44,UTC-08:00,2023-11-10 12:05:00,2023-11-10 14:34:00,16,15.5,94,149,59,1,34,55,610,81,83,,true
2023-11-09 21:05:18,2023-11-10 21:00:44,UTC-08:00,2023-11-09 21:05:18,2023-11-10 06:25:25,74,14.6,468,560,370,47,51,92,631,103,86,81,false
2023-11-08 20:40:47,2023-11-09 21:05:18,UTC-08:00,2023-11-08 20:40:47,2023-11-09 04:20:13,64,14.8,373,459,293,50,30,86,581,55,85,75,false
2023-11-07 21:00:26,2023-11-08 20:40:47,UTC-08:00,2023-11-07 21:00:26,2023-11-08 06:50:09,80,15.0,458,589,345,62,51,131,569,34,80,64,false
2023-11-06 20:30:51,2023-11-07 21:00:26,UTC-08:00,2023-11-06 20:30:51,2023-11-07 06:49:59,90,15.3,467,619,339,95,33,152,520,32,78,43,false
2023-11-03 22:32:19,2023-11-04 22:32:19,UTC-07:00,2023-11-03 22:32:19,2023-11-04 08:05:30,91,14.6,484,573,376,65,43,89,534,47,84,66,false
2023-11-02 22:15:12,2023-11-03 22:32:19,UTC-07:00,2023-11-02 22:15:12,2023-11-03 07:45:12,86,14.8,466,570,311,86,69,104,539,44,83,55,false
2023-11-01 20:45:27,2023-11-02 22:15:12,UTC-07:00,2023-11-01 20:45:27,2023-11-02 05:15:11,82,13.6,406,509,210,85,111,103,495,0,83,59,false
2023-10-31 21:00:10,2023-11-01 20:45:27,UTC-07:00,2023-10-31 21:00:10,2023-11-01 08:00:40,100,13.7,493,660,354,97,42,167,446,72,74,45,false
2023-10-30 20:45:17,2023-10-31 21:00:10,UTC-07:00,2023-10-31 09:00:00,2023-10-31 11:58:00,22,13.8,128,178,68,23,37,50,573,72,80,,true
2023-10-30 20:45:17,2023-10-31 21:00:10,UTC-07:00,2023-10-30 20:45:17,2023-10-31 04:35:29,73,13.7,397,470,315,32,50,73,541,24,87,66,false
2023-10-29 21:20:25,2023-10-30 20:45:17,UTC-07:00,2023-10-29 21:20:25,2023-10-30 06:50:26,93,13.7,477,570,414,19,44,93,514,27,86,64,false
2023-10-28 21:45:00,2023-10-29 21:20:25,UTC-07:00,2023-10-28 21:45:00,2023-10-29 09:34:00,93,16.8,523,709,488,14,21,186,565,86,77,53,false
2023-10-27 21:00:26,2023-10-28 21:45:00,UTC-07:00,2023-10-28 12:30:00,2023-10-28 13:45:00,8,14.0,47,75,36,8,3,28,613,86,64,,true
2023-10-27 21:00:26,2023-10-28 21:45:00,UTC-07:00,2023-10-27 21:00:26,2023-10-28 06:20:01,72,14.0,432,559,325,62,45,127,604,83,80,54,false
2023-10-26 21:40:17,2023-10-27 21:00:26,UTC-07:00,2023-10-26 21:40:17,2023-10-27 09:45:24,80,13.9,533,725,285,98,150,192,664,123,76,47,false
2023-10-25 20:45:09,2023-10-26 21:40:17,UTC-07:00,2023-10-25 20:45:09,2023-10-26 04:34:10,60,13.9,366,469,318,33,15,103,612,73,80,71,false
2023-10-24 20:30:10,2023-10-25 20:45:09,UTC-07:00,2023-10-24 20:30:10,2023-10-25 06:50:44,76,13.8,474,620,235,105,134,146,621,69,79,58,false
2023-10-23 21:19:34,2023-10-24 20:30:10,UTC-07:00,2023-10-23 21:19:34,2023-10-24 04:14:55,73,13.7,372,415,187,78,107,43,511,20,90,61,false
2023-10-22 21:00:56,2023-10-23 21:19:34,UTC-07:00,2023-10-22 21:00:56,2023-10-23 06:45:49,94,13.9,487,584,357,48,82,97,518,29,83,59,false
2023-10-21 23:10:47,2023-10-22 21:00:56,UTC-07:00,2023-10-21 23:10:47,2023-10-22 10:00:34,91,14.1,496,649,401,52,43,153,543,48,77,58,false
2023-10-20 23:30:35,2023-10-21 23:10:47,UTC-07:00,2023-10-20 23:30:35,2023-10-21 09:55:51,87,13.9,497,625,350,74,73,128,572,84,81,37,false
2023-10-19 20:45:05,2023-10-20 23:30:35,UTC-07:00,2023-10-19 20:45:05,2023-10-20 06:45:33,74,14.0,467,600,308,54,105,133,635,106,80,78,false
2023-10-18 21:00:05,2023-10-19 20:45:05,UTC-07:00,2023-10-18 21:00:05,2023-10-19 04:34:03,64,14.5,385,453,254,65,66,68,598,70,87,77,false
2023-10-17 20:40:49,2023-10-18 21:00:05,UTC-07:00,2023-10-17 20:40:49,2023-10-18 06:35:38,77,14.2,477,594,351,38,88,117,618,77,81,68,false
2023-10-16 21:00:56,2023-10-17 20:40:49,UTC-07:00,2023-10-16 21:00:56,2023-10-17 04:29:01,71,13.7,388,448,295,60,33,60,544,10,87,64,false
2023-10-15 20:45:49,2023-10-16 21:00:56,UTC-07:00,2023-10-15 20:45:49,2023-10-16 06:35:02,97,13.7,483,589,193,108,182,106,498,11,83,54,false
2023-10-14 22:31:23,2023-10-15 20:45:49,UTC-07:00,2023-10-14 22:31:23,2023-10-15 09:41:22,97,14.6,552,669,349,76,127,117,569,92,82,43,false
2023-10-13 20:45:13,2023-10-14 22:31:23,UTC-07:00,2023-10-14 10:40:00,2023-10-14 12:11:00,7,15.5,39,91,24,0,15,47,609,92,52,,true
2023-10-13 20:45:13,2023-10-14 22:31:23,UTC-07:00,2023-10-13 20:45:13,2023-10-14 06:20:48,77,14.9,490,575,294,73,123,85,633,114,87,54,false
2023-10-12 23:00:32,2023-10-13 20:45:13,UTC-07:00,2023-10-12 23:00:32,2023-10-13 09:04:13,65,14.5,426,603,242,72,112,177,654,117,71,40,false
2023-10-11 20:30:21,2023-10-12 23:00:32,UTC-07:00,2023-10-11 20:30:21,2023-10-12 04:32:20,63,14.6,395,481,307,40,48,86,629,86,86,75,false
2023-10-10 20:37:21,2023-10-11 20:30:21,UTC-07:00,2023-10-10 20:37:21,2023-10-11 06:45:39,71,14.2,429,608,307,108,14,179,601,81,72,67,false
2023-10-09 20:21:21,2023-10-10 20:37:21,UTC-07:00,2023-10-09 20:21:21,2023-10-10 04:30:39,72,13.9,427,489,275,64,88,62,589,49,87,64,false
2023-10-08 20:15:43,2023-10-09 20:21:21,UTC-07:00,2023-10-08 20:15:43,2023-10-09 05:56:25,86,14.0,479,580,266,98,115,101,557,69,84,47,false
2023-10-07 23:14:46,2023-10-08 20:15:43,UTC-07:00,2023-10-07 23:14:46,2023-10-08 09:29:49,76,14.0,444,615,267,79,98,171,582,48,79,40,false
2023-10-06 21:01:02,2023-10-07 23:14:46,UTC-07:00,2023-10-06 21:01:02,2023-10-07 06:20:50,85,14.4,433,559,295,79,59,126,509,110,78,68,false
2023-10-05 20:59:15,2023-10-06 21:01:02,UTC-07:00,2023-10-06 16:09:09,2023-10-06 17:49:07,15,,89,89,89,0,0,0,598,110,100,,true
2023-10-05 20:59:15,2023-10-06 21:01:02,UTC-07:00,2023-10-05 20:59:15,2023-10-06 06:47:11,65,15.3,400,587,299,69,32,172,620,88,75,79,false
2023-10-04 20:52:28,2023-10-05 20:59:15,UTC-07:00,2023-10-04 20:52:28,2023-10-05 04:27:10,70,14.8,412,454,309,75,28,42,589,66,90,77,false
2023-10-03 21:00:59,2023-10-04 20:52:28,UTC-07:00,2023-10-03 21:00:59,2023-10-04 06:43:15,79,14.3,487,582,383,31,73,95,621,71,84,73,false
2023-10-02 20:29:37,2023-10-03 21:00:59,UTC-07:00,2023-10-02 20:29:37,2023-10-03 04:34:35,74,13.8,406,484,278,74,54,78,550,13,83,62,false
2023-10-01 21:30:20,2023-10-02 20:29:37,UTC-07:00,2023-10-01 21:30:20,2023-10-02 06:46:27,96,13.4,480,556,232,91,157,76,501,13,86,,false
2023-09-30 22:19:59,2023-10-01 21:30:20,UTC-07:00,2023-09-30 22:19:59,2023-10-01 08:47:58,96,14.1,528,627,255,114,159,99,550,64,87,,false
2023-09-25 20:44:12,2023-09-26 20:44:12,UTC-07:00,2023-09-25 20:44:12,2023-09-26 04:35:56,81,13.8,411,471,239,57,115,60,511,24,89,48,false
2023-09-24 20:37:41,2023-09-25 20:44:12,UTC-07:00,2023-09-24 20:37:41,2023-09-25 06:43:47,93,13.8,522,606,353,83,86,84,561,72,86,27,false
2023-09-24 01:30:50,2023-09-24 20:37:41,UTC-07:00,2023-09-24 01:30:50,2023-09-24 09:54:05,80,15.3,440,503,236,107,97,63,552,127,87,11,false
2023-09-23 00:00:00,2023-09-24 01:30:50,UTC-07:00,2023-09-23 17:51:49,2023-09-23 19:15:27,11,13.9,70,83,31,13,26,13,615,127,83,,true
2023-09-21 21:01:16,2023-09-23 00:00:00,UTC-07:00,2023-09-21 21:01:16,2023-09-22 03:29:38,54,13.9,344,388,169,63,112,44,640,127,88,62,false
2023-09-20 20:17:15,2023-09-21 21:01:16,UTC-07:00,2023-09-20 20:17:15,2023-09-21 02:50:00,25,14.4,169,392,98,65,6,223,663,127,53,72,false
2023-09-19 21:04:01,2023-09-20 20:17:15,UTC-07:00,2023-09-19 21:04:01,2023-09-20 06:50:27,68,13.9,456,586,288,71,97,130,667,116,78,72,false
2023-09-18 20:45:24,2023-09-19 21:04:01,UTC-07:00,2023-09-18 20:45:24,2023-09-19 04:35:11,63,13.9,397,469,238,52,107,72,629,89,87,70,false
2023-09-17 21:03:20,2023-09-18 20:45:24,UTC-07:00,2023-09-17 21:03:20,2023-09-18 06:41:28,77,15.2,463,578,295,99,69,115,602,116,82,49,false
2023-09-16 23:13:44,2023-09-17 21:03:20,UTC-07:00,2023-09-16 23:13:44,2023-09-17 09:24:12,72,14.3,467,610,257,100,110,143,648,124,80,55,false
2023-09-15 22:16:38,2023-09-16 23:13:44,UTC-07:00,2023-09-15 22:16:38,2023-09-16 06:19:46,62,14.5,399,483,298,44,57,84,648,127,84,60,false
2023-09-14 21:10:08,2023-09-15 22:16:38,UTC-07:00,2023-09-14 21:10:08,2023-09-15 06:49:43,68,14.7,439,579,310,62,67,140,650,114,78,79,false
2023-09-12 21:43:26,2023-09-13 20:54:20,UTC-07:00,2023-09-12 21:43:26,2023-09-13 06:43:40,66,14.2,443,540,258,94,91,97,672,127,83,68,false
2023-09-11 20:54:20,2023-09-12 21:43:26,UTC-07:00,2023-09-11 20:54:20,2023-09-12 04:29:02,61,14.3,397,454,279,63,55,57,654,99,89,70,false
2023-09-10 20:49:10,2023-09-11 20:54:20,UTC-07:00,2023-09-10 20:49:10,2023-09-11 06:15:32,74,14.4,450,566,188,116,146,116,604,116,82,51,false
2023-09-09 23:23:29,2023-09-10 20:49:10,UTC-07:00,2023-09-09 23:23:29,2023-09-10 09:25:33,65,14.8,425,602,245,82,98,177,659,127,76,49,false
2023-09-08 22:10:22,2023-09-09 23:23:29,UTC-07:00,2023-09-08 22:10:22,2023-09-09 06:14:52,60,15.1,395,482,248,58,89,87,654,115,81,78,false
2023-09-07 21:47:04,2023-09-08 22:10:22,UTC-07:00,2023-09-07 21:47:04,2023-09-08 06:48:47,65,15.1,420,541,332,56,32,121,650,99,80,76,false
2023-09-06 20:30:50,2023-09-07 21:47:04,UTC-07:00,2023-09-06 20:30:50,2023-09-07 04:34:58,67,14.2,402,484,265,88,49,82,601,56,86,72,false
2023-09-05 21:00:17,2023-09-06 20:30:50,UTC-07:00,2023-09-05 21:00:17,2023-09-06 06:50:42,82,14.1,468,590,300,44,124,122,568,24,81,59,false
2023-09-04 20:48:38,2023-09-05 21:00:17,UTC-07:00,2023-09-04 20:48:38,2023-09-05 06:50:12,92,14.9,482,601,279,91,112,118,525,40,83,34,false
2023-09-01 23:53:15,2023-09-02 23:53:15,UTC-07:00,2023-09-01 23:53:15,2023-09-02 08:40:32,87,16.1,488,527,291,119,78,39,563,77,92,61,false
2023-08-31 22:13:46,2023-09-01 23:53:15,UTC-07:00,2023-08-31 22:13:46,2023-09-01 06:35:06,68,15.2,411,499,259,64,88,88,603,68,82,87,false
2023-08-30 21:44:43,2023-08-31 22:13:46,UTC-07:00,2023-08-30 21:44:43,2023-08-31 06:47:10,78,15.2,444,542,314,71,59,88,566,75,84,68,false
2023-08-29 21:49:32,2023-08-30 21:44:43,UTC-07:00,2023-08-29 21:49:32,2023-08-30 06:48:33,69,14.4,414,539,264,100,50,125,602,63,76,49,false
2023-08-28 23:08:27,2023-08-29 21:49:32,UTC-07:00,2023-08-28 23:08:27,2023-08-29 08:13:31,74,14.2,425,545,319,82,24,120,578,31,78,41,false
2023-08-25 23:27:10,2023-08-26 23:27:10,UTC-07:00,2023-08-25 23:27:10,2023-08-26 10:00:01,90,15.5,525,632,380,119,26,77,584,58,88,44,false
2023-08-24 21:47:59,2023-08-25 23:27:10,UTC-07:00,2023-08-24 21:47:59,2023-08-25 06:20:33,76,14.6,442,512,285,77,80,70,580,59,88,80,false
2023-08-23 22:13:08,2023-08-24 21:47:59,UTC-07:00,2023-08-23 22:13:08,2023-08-24 06:19:34,81,14.6,416,486,333,42,41,70,517,72,85,,false
2023-08-22 22:30:55,2023-08-23 22:13:08,UTC-07:00,2023-08-23 11:20:00,2023-08-23 13:20:00,14,14.8,84,120,62,22,0,36,601,72,75,,true
2023-08-22 22:30:55,2023-08-23 22:13:08,UTC-07:00,2023-08-22 22:30:55,2023-08-23 06:20:03,70,14.6,417,469,258,89,70,52,592,55,88,,false
2023-08-19 01:00:45,2023-08-20 01:00:45,UTC-07:00,2023-08-19 01:00:45,2023-08-19 09:21:35,77,14.3,425,500,314,90,21,75,556,67,85,69,false
2023-08-18 00:11:54,2023-08-19 01:00:45,UTC-07:00,2023-08-18 00:11:54,2023-08-18 08:17:21,72,14.5,393,484,203,74,116,91,549,63,81,79,false
2023-08-16 23:55:44,2023-08-18 00:11:54,UTC-07:00,2023-08-16 23:55:44,2023-08-17 07:20:21,74,14.1,372,444,293,36,43,72,500,12,83,78,false
2023-08-15 22:13:40,2023-08-16 23:55:44,UTC-07:00,2023-08-15 22:13:40,2023-08-16 08:18:06,95,14.2,478,604,314,102,62,126,505,16,82,67,false
2023-08-14 23:28:33,2023-08-15 22:13:40,UTC-07:00,2023-08-14 23:28:33,2023-08-15 08:20:17,93,14.1,459,531,275,91,93,72,494,6,87,83,false
2023-08-14 00:17:14,2023-08-14 23:28:33,UTC-07:00,2023-08-14 00:17:14,2023-08-14 10:06:39,98,14.3,484,589,343,95,46,105,494,6,88,87,false
2023-08-13 00:04:07,2023-08-14 00:17:14,UTC-07:00,2023-08-13 00:04:07,2023-08-13 09:40:33,98,14.2,477,576,338,67,72,98,486,0,83,88,false
2023-08-11 23:29:30,2023-08-13 00:04:07,UTC-07:00,2023-08-11 23:29:30,2023-08-12 09:31:46,100,14.2,507,601,347,67,93,94,72,9,84,,false
2023-08-10 13:20:14,2023-08-11 23:29:30,UTC-07:00,2023-08-11 00:20:14,2023-08-11 08:42:55,86,13.7,425,502,277,58,90,50,494,9,91,,true
2023-08-07 23:37:38,2023-08-08 23:37:38,UTC-07:00,2023-08-07 23:37:38,2023-08-08 08:47:30,97,13.9,481,549,262,68,151,68,498,9,87,90,false
2023-08-06 22:34:00,2023-08-07 23:37:38,UTC-07:00,2023-08-06 22:34:00,2023-08-07 08:59:25,97,14.2,493,625,381,65,47,132,507,18,81,88,false
2023-08-05 23:01:29,2023-08-06 22:34:00,UTC-07:00,2023-08-05 23:01:29,2023-08-06 09:00:39,94,14.0,478,599,340,66,72,121,509,21,87,88,false
2023-08-04 23:42:21,2023-08-05 23:01:29,UTC-07:00,2023-08-04 23:42:21,2023-08-05 09:12:25,93,13.7,484,570,279,78,127,86,518,28,85,80,false
2023-08-03 23:21:35,2023-08-04 23:42:21,UTC-07:00,2023-08-03 23:21:35,2023-08-04 08:31:56,91,13.7,481,550,368,66,47,69,528,37,87,81,false
2023-08-02 22:55:09,2023-08-03 23:21:35,UTC-07:00,2023-08-02 22:55:09,2023-08-03 08:44:50,88,14.7,449,589,270,101,78,140,508,6,81,77,false
2023-08-01 21:04:45,2023-08-02 22:55:09,UTC-07:00,2023-08-01 21:04:45,2023-08-02 08:57:29,98,13.8,503,712,340,92,71,209,512,0,73,,false
2023-07-31 21:50:05,2023-08-01 21:04:45,UTC-07:00,2023-07-31 21:50:05,2023-08-01 08:09:56,100,14.2,527,619,383,90,54,92,486,0,85,,false
2023-07-28 13:52:31,2023-07-29 13:52:31,UTC-07:00,2023-07-28 13:52:31,2023-07-29 02:34:21,100,,760,761,760,0,0,1,488,0,99,12,false
2023-07-27 20:34:23,2023-07-28 13:52:31,UTC-07:00,2023-07-27 20:34:23,2023-07-28 10:27:29,100,,804,833,804,0,0,29,263,90,96,18,false
2023-07-26 22:07:36,2023-07-27 20:34:23,UTC-07:00,2023-07-27 11:04:09,2023-07-27 16:20:25,55,,316,316,316,0,0,0,579,90,100,,true
2023-07-26 22:07:36,2023-07-27 20:34:23,UTC-07:00,2023-07-26 22:07:36,2023-07-27 06:41:20,71,14.5,377,513,226,53,98,136,528,90,77,49,false
2023-07-25 23:25:49,2023-07-26 22:07:36,UTC-07:00,2023-07-26 13:07:00,2023-07-26 14:24:00,11,15.1,65,77,65,0,0,12,593,90,85,,true
2023-07-25 23:25:49,2023-07-26 22:07:36,UTC-07:00,2023-07-25 23:25:49,2023-07-26 06:40:05,71,14.4,369,434,303,55,11,65,517,90,85,47,false
2023-07-24 21:15:49,2023-07-25 23:25:49,UTC-07:00,2023-07-25 09:55:00,2023-07-25 11:55:00,12,14.4,70,120,34,13,23,50,584,90,87,,true
2023-07-24 21:15:49,2023-07-25 23:25:49,UTC-07:00,2023-07-24 21:15:49,2023-07-25 05:39:51,71,14.6,411,504,272,75,64,93,582,75,85,50,false
2023-07-24 00:30:45,2023-07-24 21:15:49,UTC-07:00,2023-07-24 00:30:45,2023-07-24 08:42:23,69,13.9,376,491,194,77,105,115,544,56,76,53,false
2023-07-22 23:22:23,2023-07-24 00:30:45,UTC-07:00,2023-07-22 23:22:23,2023-07-23 09:33:49,82,14.0,480,611,253,91,136,131,587,80,78,52,false
2023-07-21 23:02:17,2023-07-22 23:22:23,UTC-07:00,2023-07-21 23:02:17,2023-07-22 06:19:47,67,14.4,366,437,218,30,118,71,549,114,83,46,false
2023-07-20 22:47:12,2023-07-21 23:02:17,UTC-07:00,2023-07-21 09:05:00,2023-07-21 11:43:00,14,15.6,90,158,67,5,18,68,636,114,61,,true
2023-07-20 22:47:12,2023-07-21 23:02:17,UTC-07:00,2023-07-20 22:47:12,2023-07-21 04:49:37,53,14.3,291,360,126,67,98,69,554,59,84,65,false
2023-07-19 21:38:51,2023-07-20 22:47:12,UTC-07:00,2023-07-19 21:38:51,2023-07-20 07:08:32,81,14.5,479,569,326,48,105,90,595,84,84,54,false
2023-07-18 23:08:25,2023-07-19 21:38:51,UTC-07:00,2023-07-18 23:08:25,2023-07-19 09:17:57,73,13.9,448,609,280,84,84,161,612,99,74,48,false
2023-07-17 21:30:50,2023-07-18 23:08:25,UTC-07:00,2023-07-17 21:30:50,2023-07-18 04:50:35,59,15.4,346,439,142,50,154,93,590,87,80,32,false
2023-07-17 01:22:29,2023-07-17 21:30:50,UTC-07:00,2023-07-17 01:22:29,2023-07-17 08:54:25,64,14.4,324,451,162,49,113,127,509,92,75,37,false
2023-07-15 23:00:00,2023-07-17 01:22:29,UTC-07:00,2023-07-16 11:50:00,2023-07-16 13:13:00,13,16.1,73,83,65,0,8,8,581,92,96,,true
2023-07-15 23:00:00,2023-07-17 01:22:29,UTC-07:00,2023-07-15 23:00:00,2023-07-16 06:28:00,62,14.4,326,448,190,63,73,122,528,72,74,47,false
2023-07-14 18:11:06,2023-07-15 23:00:00,UTC-07:00,2023-07-15 11:00:00,2023-07-15 12:44:00,10,14.6,59,104,20,14,25,45,583,72,75,,true
2023-07-13 21:07:43,2023-07-14 18:11:06,UTC-07:00,2023-07-13 21:07:43,2023-07-14 05:29:55,70,14.4,383,502,281,55,47,119,545,53,80,58,false
2023-07-12 23:05:01,2023-07-13 21:07:43,UTC-07:00,2023-07-12 23:05:01,2023-07-13 09:14:27,83,14.1,474,609,298,82,94,135,574,68,77,62,false
2023-07-11 23:05:34,2023-07-12 23:05:01,UTC-07:00,2023-07-11 23:05:34,2023-07-12 08:26:45,72,14.2,422,561,258,71,93,139,583,68,78,49,false
2023-07-10 21:45:22,2023-07-11 23:05:34,UTC-07:00,2023-07-10 21:45:22,2023-07-11 05:50:07,78,14.3,400,484,211,59,130,84,512,72,84,51,false
2023-07-09 21:49:28,2023-07-10 21:45:22,UTC-07:00,2023-07-10 08:58:31,2023-07-10 10:30:58,13,14.1,78,92,56,0,22,14,588,72,90,,true
2023-07-09 21:49:28,2023-07-10 21:45:22,UTC-07:00,2023-07-09 21:49:28,2023-07-10 04:49:05,70,14.7,376,420,170,73,133,44,540,49,89,40,false
2023-07-08 23:00:02,2023-07-09 21:49:28,UTC-07:00,2023-07-08 23:00:02,2023-07-09 09:00:59,84,14.8,449,600,371,49,29,151,533,81,80,34,false
2023-07-07 20:45:18,2023-07-08 23:00:02,UTC-07:00,2023-07-08 10:06:00,2023-07-08 12:06:00,11,15.6,66,120,66,0,0,54,595,81,88,,true
2023-07-07 20:45:18,2023-07-08 23:00:02,UTC-07:00,2023-07-07 20:45:18,2023-07-08 06:20:38,74,14.6,420,575,328,34,58,155,567,126,76,,false
2023-07-06 20:37:24,2023-07-07 20:45:18,UTC-07:00,2023-07-07 09:45:00,2023-07-07 12:20:00,15,14.4,96,155,65,15,16,59,643,126,78,,true
2023-07-06 20:37:24,2023-07-07 20:45:18,UTC-07:00,2023-07-06 20:37:24,2023-07-07 04:50:25,48,13.8,301,493,137,64,100,192,631,82,68,,false
2023-07-05 20:36:24,2023-07-06 20:37:24,UTC-07:00,2023-07-05 20:36:24,2023-07-06 04:50:04,66,15.1,367,493,261,45,61,126,557,41,78,,false
2023-06-25 23:16:58,2023-06-26 23:16:58,UTC-07:00,2023-06-25 23:16:58,2023-06-26 08:40:44,83,13.5,424,563,263,72,89,139,507,0,77,72,false
2023-06-24 21:50:00,2023-06-25 23:16:58,UTC-07:00,2023-06-24 21:50:00,2023-06-25 09:05:20,100,14.2,539,675,338,71,130,135,504,3,80,78,false
2023-06-23 21:30:13,2023-06-24 21:50:00,UTC-07:00,2023-06-23 21:30:13,2023-06-24 08:40:19,99,13.9,511,670,246,61,204,159,518,18,79,67,false
2023-06-22 21:40:06,2023-06-23 21:30:13,UTC-07:00,2023-06-22 21:40:06,2023-06-23 08:50:09,94,14.5,529,670,317,94,118,141,561,115,83,55,false
2023-06-21 21:05:37,2023-06-22 21:40:06,UTC-07:00,2023-06-22 08:13:00,2023-06-22 10:10:00,14,15.3,88,117,70,8,10,29,635,115,75,,true
2023-06-21 21:05:37,2023-06-22 21:40:06,UTC-07:00,2023-06-21 21:05:37,2023-06-22 04:45:36,63,14.7,370,456,245,58,67,86,586,56,83,47,false
2023-06-20 22:00:00,2023-06-21 21:05:37,UTC-07:00,2023-06-20 22:00:00,2023-06-21 09:10:50,82,14.8,467,670,304,109,54,203,567,131,71,35,false
2023-06-19 20:30:53,2023-06-20 22:00:00,UTC-07:00,2023-06-20 08:40:00,2023-06-20 11:10:00,17,15.8,112,150,98,14,0,38,655,131,79,,true
2023-06-19 20:30:53,2023-06-20 22:00:00,UTC-07:00,2023-06-19 20:30:53,2023-06-20 04:34:52,58,14.4,376,483,176,62,138,107,644,100,77,69,false
2023-06-18 21:08:14,2023-06-19 20:30:53,UTC-07:00,2023-06-18 21:08:14,2023-06-19 05:35:20,68,14.4,437,507,271,84,82,70,640,145,86,63,false
2023-06-17 23:30:18,2023-06-18 21:08:14,UTC-07:00,2023-06-17 23:30:18,2023-06-18 05:29:32,40,14.3,255,359,130,59,66,104,643,111,75,72,false
2023-06-16 23:29:39,2023-06-17 23:30:18,UTC-07:00,2023-06-16 23:29:39,2023-06-17 06:15:51,54,14.2,344,406,203,64,77,62,634,103,84,60,false
2023-06-15 22:30:41,2023-06-16 23:29:39,UTC-07:00,2023-06-15 22:30:41,2023-06-16 06:30:45,67,14.1,368,480,207,57,104,112,552,136,79,46,false
2023-06-14 21:36:00,2023-06-15 22:30:41,UTC-07:00,2023-06-15 08:30:00,2023-06-15 11:30:00,20,14.9,126,180,85,6,35,54,631,136,77,,true
2023-06-14 21:36:00,2023-06-15 22:30:41,UTC-07:00,2023-06-14 21:36:00,2023-06-15 04:35:00,44,14.4,290,419,198,52,40,129,661,121,72,80,false
2023-06-13 21:53:53,2023-06-14 21:36:00,UTC-07:00,2023-06-13 21:53:53,2023-06-14 06:50:51,61,14.4,404,536,301,57,46,132,664,112,78,76,false
2023-06-12 21:00:45,2023-06-13 21:53:53,UTC-07:00,2023-06-12 21:00:45,2023-06-13 04:35:20,64,14.1,395,454,289,50,56,59,616,84,88,77,false
2023-06-11 21:33:45,2023-06-12 21:00:45,UTC-07:00,2023-06-11 21:33:45,2023-06-12 06:50:21,73,14.2,439,556,238,81,120,117,605,115,83,72,false
2023-06-10 23:00:11,2023-06-11 21:33:45,UTC-07:00,2023-06-10 23:00:11,2023-06-11 08:00:52,63,14.2,419,540,260,70,89,121,666,121,79,66,false
2023-06-09 21:20:15,2023-06-10 23:00:11,UTC-07:00,2023-06-09 21:20:15,2023-06-10 06:15:31,61,14.1,382,535,218,59,105,153,624,136,73,76,false
2023-06-08 22:50:07,2023-06-09 21:20:15,UTC-07:00,2023-06-08 22:50:07,2023-06-09 06:50:59,44,14.1,296,480,186,50,60,184,672,114,64,56,false
2023-06-07 21:39:00,2023-06-08 22:50:07,UTC-07:00,2023-06-07 21:39:00,2023-06-08 04:35:00,53,14.1,321,416,169,68,84,95,605,87,82,53,false
2023-06-06 21:10:15,2023-06-07 21:39:00,UTC-07:00,2023-06-06 21:10:15,2023-06-07 06:50:29,72,14.5,452,580,288,61,103,128,632,90,79,40,false
2023-06-05 20:45:00,2023-06-06 21:10:15,UTC-07:00,2023-06-05 20:45:00,2023-06-06 06:57:00,71,14.2,453,612,243,95,115,159,638,199,75,25,false
2023-06-05 13:35:00,2023-06-05 20:45:00,UTC-07:00,2023-06-05 17:22:00,2023-06-05 18:33:00,7,13.9,50,71,30,9,11,21,688,199,70,,true
2023-06-05 13:35:00,2023-06-05 20:45:00,UTC-07:00,2023-06-05 13:35:00,2023-06-05 16:30:00,18,14.3,94,175,56,11,27,81,531,80,55,17,false
2023-06-03 22:30:01,2023-06-05 13:35:00,UTC-07:00,2023-06-04 13:36:00,2023-06-04 15:03:00,9,14.9,51,87,51,0,0,36,582,80,64,,true
2023-06-03 22:30:01,2023-06-05 13:35:00,UTC-07:00,2023-06-03 22:30:01,2023-06-04 07:30:33,67,14.5,340,540,176,74,90,200,507,78,68,68,false
2023-06-02 22:35:32,2023-06-03 22:30:01,UTC-07:00,2023-06-03 13:30:00,2023-06-03 15:20:00,15,14.8,86,110,70,11,5,24,582,78,91,,true
2023-06-02 22:35:32,2023-06-03 22:30:01,UTC-07:00,2023-06-02 22:35:32,2023-06-03 07:25:59,75,13.9,450,530,338,48,64,80,601,87,85,76,false
2023-06-01 23:23:14,2023-06-02 22:35:32,UTC-07:00,2023-06-01 23:23:14,2023-06-02 07:26:41,64,14.5,365,483,228,72,65,118,574,84,80,58,false
2023-05-31 21:05:44,2023-06-01 23:23:14,UTC-07:00,2023-05-31 21:05:44,2023-06-01 06:45:07,73,14.4,443,579,263,96,84,136,608,93,82,74,false
2023-05-30 21:27:24,2023-05-31 21:05:44,UTC-07:00,2023-05-30 21:27:24,2023-05-31 06:50:40,70,14.2,403,563,235,77,91,160,573,114,78,59,false
2023-05-29 21:16:05,2023-05-30 21:27:24,UTC-07:00,2023-05-30 15:02:00,2023-05-30 16:30:00,10,13.5,62,88,41,13,8,26,635,114,92,,true
2023-05-29 21:16:05,2023-05-30 21:27:24,UTC-07:00,2023-05-29 21:16:05,2023-05-30 04:35:43,53,14.3,319,439,212,55,52,120,604,78,73,71,false
2023-05-28 21:13:10,2023-05-29 21:16:05,UTC-07:00,2023-05-28 21:13:10,2023-05-29 05:37:43,75,14.3,428,504,190,97,141,76,574,84,86,59,false
2023-05-27 23:01:43,2023-05-28 21:13:10,UTC-07:00,2023-05-27 23:01:43,2023-05-28 08:29:22,73,13.8,470,565,247,81,142,95,647,112,83,56,false
2023-05-26 22:07:09,2023-05-27 23:01:43,UTC-07:00,2023-05-26 22:07:09,2023-05-27 06:15:25,64,13.8,401,488,247,52,102,87,628,109,82,67,false
2023-05-24 20:40:25,2023-05-25 22:48:00,UTC-07:00,2023-05-24 20:40:25,2023-05-25 04:35:01,55,13.8,347,474,260,53,34,127,631,112,81,67,false
2023-05-23 20:45:21,2023-05-24 20:40:25,UTC-07:00,2023-05-23 20:45:21,2023-05-24 06:50:06,64,14.0,419,604,263,66,90,185,651,103,72,55,false
2023-05-22 20:15:29,2023-05-23 20:45:21,UTC-07:00,2023-05-22 20:15:29,2023-05-23 04:35:11,67,13.8,390,499,237,52,101,109,580,65,79,47,false
2023-05-21 20:09:14,2023-05-22 20:15:29,UTC-07:00,2023-05-21 20:09:14,2023-05-22 06:50:31,79,14.2,518,641,265,127,126,123,659,170,83,26,false
2023-05-21 06:10:00,2023-05-21 20:09:14,UTC-07:00,2023-05-21 06:10:00,2023-05-21 10:20:00,30,13.8,194,250,158,28,8,56,644,114,81,12,false
2023-05-19 21:45:26,2023-05-21 06:10:00,UTC-07:00,2023-05-19 21:45:26,2023-05-20 06:50:57,53,14.3,345,545,240,79,26,200,647,121,63,79,false
2023-05-18 22:15:00,2023-05-19 21:45:26,UTC-07:00,2023-05-18 22:15:00,2023-05-19 06:50:00,50,14.2,321,515,196,75,50,194,647,102,68,67,false
2023-05-17 20:30:00,2023-05-18 22:15:00,UTC-07:00,2023-05-17 20:30:00,2023-05-18 04:35:00,58,14.2,364,485,266,61,37,121,633,94,76,73,false
2023-05-16 20:50:17,2023-05-17 20:30:00,UTC-07:00,2023-05-16 20:50:17,2023-05-17 06:46:33,61,13.9,400,596,265,75,60,196,651,92,68,68,false
2023-05-15 20:56:16,2023-05-16 20:50:17,UTC-07:00,2023-05-15 20:56:16,2023-05-16 04:34:20,62,14.1,400,458,353,40,7,58,646,109,87,65,false
2023-05-14 22:15:40,2023-05-15 20:56:16,UTC-07:00,2023-05-14 22:15:40,2023-05-15 06:50:36,65,13.7,390,514,205,89,96,124,600,104,81,64,false
2023-05-13 23:00:44,2023-05-14 22:15:40,UTC-07:00,2023-05-13 23:00:44,2023-05-14 08:13:07,57,14.2,345,552,187,87,71,207,601,119,67,46,false
2023-05-12 22:00:00,2023-05-13 23:00:44,UTC-07:00,2023-05-13 10:50:00,2023-05-13 12:50:00,10,15.4,64,120,45,7,12,56,653,119,63,,true
2023-05-12 22:00:00,2023-05-13 23:00:44,UTC-07:00,2023-05-12 22:00:00,2023-05-13 06:15:00,51,14.4,326,495,192,58,76,169,633,109,69,75,false
2023-05-11 22:45:00,2023-05-12 22:00:00,UTC-07:00,2023-05-11 22:45:00,2023-05-12 06:35:00,55,14.3,359,470,233,50,76,111,657,97,83,61,false
2023-05-10 20:27:26,2023-05-11 22:45:00,UTC-07:00,2023-05-10 20:27:26,2023-05-11 04:35:33,60,14.8,364,488,206,61,97,124,603,85,78,73,false
2023-05-09 20:45:02,2023-05-10 20:27:26,UTC-07:00,2023-05-09 20:45:02,2023-05-10 06:50:45,65,14.5,402,605,243,58,101,203,622,75,68,64,false
2023-05-08 20:24:42,2023-05-09 20:45:02,UTC-07:00,2023-05-08 20:24:42,2023-05-09 04:34:13,69,14.7,388,489,207,51,130,101,564,75,79,58,false
2023-05-07 22:36:03,2023-05-08 20:24:42,UTC-07:00,2023-05-07 22:36:03,2023-05-08 06:50:01,69,14.2,363,493,186,77,100,130,526,37,73,59,false
2023-05-06 22:45:30,2023-05-07 22:36:03,UTC-07:00,2023-05-06 22:45:30,2023-05-07 09:11:23,88,14.6,495,625,241,84,170,130,561,96,80,46,false
2023-05-05 22:29:02,2023-05-06 22:45:30,UTC-07:00,2023-05-06 13:20:00,2023-05-06 14:30:00,8,14.3,49,70,32,3,14,21,586,96,99,,true
2023-05-05 22:29:02,2023-05-06 22:45:30,UTC-07:00,2023-05-05 22:29:02,2023-05-06 07:00:01,69,14.1,388,510,234,59,95,122,562,90,77,61,false
2023-05-04 21:45:27,2023-05-05 22:29:02,UTC-07:00,2023-05-05 15:46:34,2023-05-05 16:53:24,10,14.9,59,66,28,17,14,7,579,90,91,,true
2023-05-04 21:45:27,2023-05-05 22:29:02,UTC-07:00,2023-05-04 21:45:27,2023-05-05 06:35:43,63,15.0,391,530,261,71,59,139,620,92,75,72,false
2023-05-03 20:37:26,2023-05-04 21:45:27,UTC-07:00,2023-05-03 20:37:26,2023-05-04 04:35:34,62,13.8,394,478,253,20,121,84,633,99,83,76,false
2023-05-02 21:12:00,2023-05-03 20:37:26,UTC-07:00,2023-05-02 21:12:00,2023-05-03 06:50:00,59,14.3,372,578,203,84,85,206,633,75,71,72,false
2023-05-01 20:15:35,2023-05-02 21:12:00,UTC-07:00,2023-05-01 20:15:35,2023-05-02 04:35:31,69,14.3,425,499,304,58,63,74,612,65,88,70,false
2023-04-30 21:23:47,2023-05-01 20:15:35,UTC-07:00,2023-04-30 21:23:47,2023-05-01 06:50:03,79,14.0,459,566,238,80,141,107,583,93,82,65,false
2023-04-29 22:44:20,2023-04-30 21:23:47,UTC-07:00,2023-04-29 22:44:20,2023-04-30 08:08:43,70,14.4,413,564,340,38,35,151,592,87,73,50,false
2023-04-28 19:45:49,2023-04-29 22:44:20,UTC-07:00,2023-04-29 14:03:00,2023-04-29 15:00:00,6,15.5,38,57,12,19,7,19,630,87,92,,true
2023-04-28 19:45:49,2023-04-29 22:44:20,UTC-07:00,2023-04-28 19:45:49,2023-04-29 06:15:53,64,14.4,404,630,286,56,62,226,629,111,66,68,false
2023-04-27 21:44:24,2023-04-28 19:45:49,UTC-07:00,2023-04-27 21:44:24,2023-04-28 06:46:18,54,14.8,347,541,227,46,74,194,641,80,69,69,false
2023-04-26 20:30:55,2023-04-27 21:44:24,UTC-07:00,2023-04-26 20:30:55,2023-04-27 04:35:39,67,14.2,401,484,308,55,38,83,601,75,83,65,false
2023-04-25 21:10:48,2023-04-26 20:30:55,UTC-07:00,2023-04-25 21:10:48,2023-04-26 08:07:51,69,14.6,450,657,298,59,93,207,651,90,69,67,false
2023-04-24 21:35:26,2023-04-25 21:10:48,UTC-07:00,2023-04-24 21:35:26,2023-04-25 04:34:58,71,14.1,370,419,253,48,69,49,522,31,88,68,false
2023-04-23 21:12:47,2023-04-24 21:35:26,UTC-07:00,2023-04-23 21:12:47,2023-04-24 06:50:19,90,14.2,507,577,229,77,201,70,563,68,90,55,false
2023-04-22 22:36:53,2023-04-23 21:12:47,UTC-07:00,2023-04-22 22:36:53,2023-04-23 08:26:02,78,14.5,463,589,313,57,93,126,591,87,82,39,false
2023-04-21 21:00:00,2023-04-22 22:36:53,UTC-07:00,2023-04-22 14:42:00,2023-04-22 15:50:00,5,15.5,33,68,15,12,6,35,624,87,69,,true
2023-04-21 21:00:00,2023-04-22 22:36:53,UTC-07:00,2023-04-21 21:00:00,2023-04-22 06:15:00,64,14.6,368,555,202,59,107,187,573,121,69,56,false
2023-04-20 21:46:27,2023-04-21 21:00:00,UTC-07:00,2023-04-21 15:52:00,2023-04-21 17:55:00,10,14.6,64,123,43,5,16,59,637,121,70,,true
2023-04-20 21:46:27,2023-04-21 21:00:00,UTC-07:00,2023-04-20 21:46:27,2023-04-21 04:32:54,50,14.3,330,406,267,26,37,76,660,99,84,69,false
2023-04-19 20:30:16,2023-04-20 21:46:27,UTC-07:00,2023-04-19 20:30:16,2023-04-20 04:35:03,59,14.4,361,484,261,25,75,123,617,80,80,75,false
2023-04-18 21:10:53,2023-04-19 20:30:16,UTC-07:00,2023-04-18 21:10:53,2023-04-19 06:50:59,67,14.1,423,580,259,74,90,157,632,75,75,68,false
2023-04-17 20:23:31,2023-04-18 21:10:53,UTC-07:00,2023-04-17 20:23:31,2023-04-18 04:34:47,69,14.3,406,491,289,39,78,85,591,46,84,58,false
2023-04-16 21:11:58,2023-04-17 20:23:31,UTC-07:00,2023-04-16 21:11:58,2023-04-17 06:50:19,85,14.5,499,578,247,97,155,79,586,90,86,57,false
2023-04-15 23:13:02,2023-04-16 21:11:58,UTC-07:00,2023-04-15 23:13:02,2023-04-16 08:25:34,63,14.1,344,552,234,41,69,208,544,82,64,45,false
2023-04-14 21:44:34,2023-04-15 23:13:02,UTC-07:00,2023-04-15 13:30:00,2023-04-15 15:15:00,11,15.8,65,105,34,0,31,40,609,82,75,,true
2023-04-14 21:44:34,2023-04-15 23:13:02,UTC-07:00,2023-04-14 21:44:34,2023-04-15 06:25:52,66,14.2,391,521,212,62,117,130,592,70,75,51,false
2023-04-13 23:15:00,2023-04-14 21:44:34,UTC-07:00,2023-04-13 23:15:00,2023-04-14 09:40:00,71,14.4,412,625,222,87,103,213,582,87,68,38,false
2023-04-12 20:30:27,2023-04-13 23:15:00,UTC-07:00,2023-04-13 08:11:20,2023-04-13 09:10:48,9,16.8,53,59,47,6,0,6,618,87,96,,true
2023-04-12 20:30:27,2023-04-13 23:15:00,UTC-07:00,2023-04-12 20:30:27,2023-04-13 04:34:55,64,14.2,361,484,190,51,120,123,565,48,79,80,false
2023-04-11 20:36:40,2023-04-12 20:30:27,UTC-07:00,2023-04-11 20:36:40,2023-04-12 06:50:48,80,14.0,488,614,367,70,51,126,611,55,79,75,false
2023-04-10 20:24:47,2023-04-11 20:36:40,UTC-07:00,2023-04-10 20:24:47,2023-04-11 04:32:40,77,14.2,422,487,314,49,59,65,548,21,86,77,false
2023-04-09 20:51:03,2023-04-10 20:24:47,UTC-07:00,2023-04-09 20:51:03,2023-04-10 06:50:41,93,13.8,521,599,275,100,146,78,561,70,89,65,false
2023-04-08 22:50:05,2023-04-09 20:51:03,UTC-07:00,2023-04-08 22:50:05,2023-04-09 08:41:46,71,13.6,425,591,265,64,96,166,602,55,73,53,false
2023-04-07 20:37:19,2023-04-08 22:50:05,UTC-07:00,2023-04-07 20:37:19,2023-04-08 06:21:32,77,14.4,444,584,229,95,120,140,578,48,76,76,false
2023-04-06 21:13:00,2023-04-07 20:37:19,UTC-07:00,2023-04-06 21:13:00,2023-04-07 06:51:00,80,13.9,443,578,346,49,48,135,554,18,78,72,false
2023-04-05 21:13:24,2023-04-06 21:13:00,UTC-07:00,2023-04-05 21:13:24,2023-04-06 06:50:40,94,14.9,441,577,214,71,156,136,469,65,79,50,false
2023-04-04 21:33:00,2023-04-05 21:13:24,UTC-07:00,2023-04-05 15:30:00,2023-04-05 17:50:00,16,15.0,88,140,80,0,8,52,557,65,81,,true
2023-04-04 21:33:00,2023-04-05 21:13:24,UTC-07:00,2023-04-04 21:33:00,2023-04-05 06:49:00,73,17.5,417,556,370,19,28,139,573,82,75,60,false
2023-04-03 21:11:09,2023-04-04 21:33:00,UTC-07:00,2023-04-04 08:08:00,2023-04-04 10:08:00,11,16.9,70,120,63,0,7,50,620,82,72,,true
2023-04-03 21:11:09,2023-04-04 21:33:00,UTC-07:00,2023-04-03 21:11:09,2023-04-04 04:37:47,66,14.4,382,446,245,72,65,64,576,17,86,65,false
2023-04-02 21:13:07,2023-04-03 21:11:09,UTC-07:00,2023-04-02 21:13:07,2023-04-03 06:49:19,93,14.5,458,576,182,104,172,118,490,0,83,50,false
2023-04-01 22:33:30,2023-04-02 21:13:07,UTC-07:00,2023-04-01 22:33:30,2023-04-02 10:20:30,100,14.6,522,707,293,110,119,185,489,0,79,55,false
2023-03-31 22:17:15,2023-04-01 22:33:30,UTC-07:00,2023-03-31 22:17:15,2023-04-01 08:00:30,100,14.6,431,583,343,38,50,152,432,9,78,75,false
2023-03-30 22:59:33,2023-03-31 22:17:15,UTC-07:00,2023-03-31 14:06:00,2023-03-31 15:30:00,14,14.8,67,84,67,0,0,17,499,9,96,,true
2023-03-30 22:59:33,2023-03-31 22:17:15,UTC-07:00,2023-03-30 22:59:33,2023-03-31 07:06:57,97,14.1,418,487,326,38,54,69,431,0,85,69,false
2023-03-29 23:10:02,2023-03-30 22:59:33,UTC-07:00,2023-03-30 14:02:00,2023-03-30 15:15:00,12,14.0,59,73,33,12,14,14,489,0,86,,true
2023-03-29 23:10:02,2023-03-30 22:59:33,UTC-07:00,2023-03-29 23:10:02,2023-03-30 07:32:15,100,13.9,404,502,295,36,73,98,402,0,80,62,false
2023-03-28 22:16:28,2023-03-29 23:10:02,UTC-07:00,2023-03-29 14:10:00,2023-03-29 15:50:00,18,14.0,88,100,69,0,19,12,489,0,100,,true
2023-03-28 22:16:28,2023-03-29 23:10:02,UTC-07:00,2023-03-28 22:16:28,2023-03-29 08:10:00,100,13.6,493,593,282,115,96,100,489,0,83,82,false
2023-03-27 22:30:48,2023-03-28 22:16:28,UTC-07:00,2023-03-27 22:30:48,2023-03-28 09:15:18,100,13.8,535,644,412,72,51,109,534,18,85,76,false
2023-03-26 23:19:28,2023-03-27 22:30:48,UTC-07:00,2023-03-26 23:19:28,2023-03-27 09:16:31,94,14.1,489,597,267,95,127,108,523,34,84,60,false
2023-03-25 23:00:24,2023-03-26 23:19:28,UTC-07:00,2023-03-25 23:00:24,2023-03-26 09:50:37,89,13.7,504,650,261,99,144,146,565,53,77,49,false
2023-03-24 20:07:59,2023-03-25 23:00:24,UTC-07:00,2023-03-24 20:07:59,2023-03-25 06:15:37,83,13.8,489,607,334,96,59,118,590,85,80,78,false
2023-03-23 22:25:05,2023-03-24 20:07:59,UTC-07:00,2023-03-23 22:25:05,2023-03-24 06:43:24,65,13.7,369,498,250,72,47,129,571,65,77,88,false
2023-03-22 21:32:19,2023-03-23 22:25:05,UTC-07:00,2023-03-22 21:32:19,2023-03-23 06:50:51,73,14.1,424,558,242,71,111,134,583,65,77,95,false
2023-03-21 21:45:05,2023-03-22 21:32:19,UTC-07:00,2023-03-21 21:45:05,2023-03-22 06:49:19,73,14.4,426,544,309,63,54,118,584,59,80,89,false
2023-03-20 21:15:46,2023-03-21 21:45:05,UTC-07:00,2023-03-20 21:15:46,2023-03-21 06:40:37,81,14.8,452,564,379,27,46,112,558,37,83,84,false
2023-03-19 21:30:04,2023-03-20 21:15:46,UTC-07:00,2023-03-19 21:30:04,2023-03-20 06:50:00,88,14.5,490,559,304,71,115,69,560,70,89,78,false
2023-03-18 21:22:23,2023-03-19 21:30:04,UTC-07:00,2023-03-18 21:22:23,2023-03-19 05:45:21,71,14.2,411,503,322,34,55,92,583,48,81,76,false
2023-03-17 21:10:54,2023-03-18 21:22:23,UTC-07:00,2023-03-17 21:10:54,2023-03-18 06:20:58,80,14.4,434,550,322,62,50,116,539,94,79,58,false
2023-03-16 22:37:29,2023-03-17 21:10:54,UTC-07:00,2023-03-17 16:10:00,2023-03-17 17:45:00,10,13.7,62,95,59,0,3,33,601,94,81,,true
2023-03-16 22:37:29,2023-03-17 21:10:54,UTC-07:00,2023-03-16 22:37:29,2023-03-17 04:43:05,61,14.3,335,365,293,18,24,30,552,43,91,86,false
2023-03-15 21:30:07,2023-03-16 22:37:29,UTC-07:00,2023-03-15 21:30:07,2023-03-16 06:50:42,82,15.0,474,560,428,27,19,84,576,48,86,77,false
2023-03-14 22:16:48,2023-03-15 21:30:07,UTC-07:00,2023-03-14 22:16:48,2023-03-15 06:50:12,80,14.3,417,513,373,0,44,96,524,0,85,78,false
2023-03-13 22:19:40,2023-03-14 22:16:48,UTC-07:00,2023-03-13 22:19:40,2023-03-14 06:59:10,100,15.2,423,519,388,28,7,96,425,138,82,84,false
2023-03-12 23:00:00,2023-03-13 22:19:40,UTC-07:00,2023-03-13 04:11:59,2023-03-13 08:16:23,33,14.4,208,244,204,0,4,36,627,138,86,,true
2023-03-12 23:00:00,2023-03-13 22:19:40,UTC-07:00,2023-03-12 23:00:00,2023-03-13 04:00:00,43,14.4,226,300,195,13,18,74,520,19,80,86,false
2023-03-11 22:02:47,2023-03-12 22:00:00,UTC-08:00,2023-03-11 22:02:47,2023-03-12 07:00:16,92,15.8,451,537,348,46,57,86,490,0,86,75,false
2023-03-10 21:45:27,2023-03-11 22:02:47,UTC-08:00,2023-03-10 21:45:27,2023-03-11 07:45:56,100,14.6,467,600,363,51,53,133,418,6,78,67,false
2023-03-09 21:09:12,2023-03-10 21:45:27,UTC-08:00,2023-03-10 18:24:28,2023-03-10 19:43:15,16,,79,79,79,0,0,0,496,6,100,,true
2023-03-09 21:09:12,2023-03-10 21:45:27,UTC-08:00,2023-03-09 21:09:12,2023-03-10 06:57:48,98,14.1,503,588,455,18,30,85,513,18,86,91,false
2023-03-08 20:30:53,2023-03-09 21:09:12,UTC-08:00,2023-03-08 20:30:53,2023-03-09 07:00:00,94,14.1,504,629,371,63,70,125,537,31,83,85,false
2023-03-07 21:00:21,2023-03-08 20:30:53,UTC-08:00,2023-03-07 21:00:21,2023-03-08 06:50:58,90,14.0,481,590,288,89,104,109,537,37,83,84,false
2023-03-06 21:00:41,2023-03-07 21:00:21,UTC-08:00,2023-03-06 21:00:41,2023-03-07 06:50:41,88,13.8,470,590,332,46,92,120,532,21,82,78,false
2023-03-05 20:45:12,2023-03-06 21:00:41,UTC-08:00,2023-03-05 20:45:12,2023-03-06 06:50:11,93,14.1,503,604,308,77,118,101,539,48,85,58,false
2023-03-04 23:20:06,2023-03-05 20:45:12,UTC-08:00,2023-03-04 23:20:06,2023-03-05 09:03:20,80,14.0,449,583,217,85,147,134,563,53,79,,false
2023-03-03 21:05:30,2023-03-04 23:20:06,UTC-08:00,2023-03-03 21:05:30,2023-03-04 06:15:08,83,14.3,459,549,301,85,73,90,553,51,86,,false
2023-03-02 21:50:20,2023-03-03 21:05:30,UTC-08:00,2023-03-02 21:50:20,2023-03-03 06:50:50,79,13.9,417,540,329,38,50,123,528,0,80,,false
