Cycle start time,Cycle end time,Cycle timezone,Workout start time,Workout end time,Duration (min),Activity name,Activity Strain,Energy burned (cal),Max HR (bpm),Average HR (bpm),HR Zone 1 %,HR Zone 2 %,HR Zone 3 %,HR Zone 4 %,HR Zone 5 %,GPS enabled
2024-04-02 21:33:22,,UTC-07:00,2024-04-03 17:12:00,2024-04-03 17:53:36,41,Activity,6.2,202.0,134,110,63,37,0,0,0,false
2024-04-02 21:33:22,,UTC-07:00,2024-04-03 15:00:00,2024-04-03 16:59:59,119,Swimming,14.5,952.0,177,126,20,25,29,16,0,false
2024-04-01 20:30:26,2024-04-02 21:33:22,UTC-07:00,2024-04-02 15:00:00,2024-04-02 16:59:59,119,Swimming,15.0,988.0,182,128,15,25,31,17,1,false
2024-04-01 20:30:26,2024-04-02 21:33:22,UTC-07:00,2024-04-02 05:21:00,2024-04-02 06:47:39,86,Swimming,12.9,726.0,171,129,17,42,31,10,0,false
2024-03-31 21:57:34,2024-04-01 20:30:26,UTC-07:00,2024-04-01 17:13:30,2024-04-01 17:43:05,29,Running,8.4,228.0,190,125,17,40,16,9,6,false
2024-03-31 21:57:34,2024-04-01 20:30:26,UTC-07:00,2024-04-01 15:00:30,2024-04-01 16:59:36,119,Swimming,17.4,1304.0,185,142,8,19,29,36,6,false
2024-03-21 22:23:13,2024-03-22 22:23:13,UTC-07:00,2024-03-22 16:12:00,2024-03-22 16:43:29,31,Swimming,7.7,255.0,159,127,15,50,34,1,0,false
2024-03-21 22:23:13,2024-03-22 22:23:13,UTC-07:00,2024-03-22 15:04:30,2024-03-22 15:53:59,49,Swimming,8.4,343.0,159,121,16,65,16,0,0,false
2024-03-20 22:23:13,2024-03-21 22:23:13,UTC-07:00,2024-03-21 15:07:30,2024-03-21 16:40:29,92,Swimming,11.8,651.0,164,121,19,38,32,2,0,false
2024-03-19 22:23:13,2024-03-20 22:23:13,UTC-07:00,2024-03-20 15:06:00,2024-03-20 17:01:29,115,Swimming,10.2,584.0,158,111,38,42,9,0,0,false
2024-03-19 00:00:00,2024-03-19 22:23:13,UTC-07:00,2024-03-19 17:14:00,2024-03-19 18:14:00,60,Basketball,10.0,413.0,163,121,21,23,39,1,0,false
2024-03-19 00:00:00,2024-03-19 22:23:13,UTC-07:00,2024-03-19 14:58:30,2024-03-19 17:00:29,121,Swimming,14.2,1030.0,162,129,12,34,49,3,0,false
2024-02-27 21:24:18,2024-02-28 21:15:13,UTC-08:00,2024-02-28 15:01:30,2024-02-28 15:56:59,55,Swimming,9.9,437.0,166,126,13,51,32,2,0,false
2024-02-26 21:30:31,2024-02-27 21:24:18,UTC-08:00,2024-02-27 15:04:30,2024-02-27 17:00:59,116,Swimming,13.2,806.0,173,121,31,20,35,5,0,false
2024-02-25 21:30:35,2024-02-26 21:30:31,UTC-08:00,2024-02-26 17:09:00,2024-02-26 17:43:29,34,Weightlifting,6.9,238.0,147,121,15,79,6,0,0,false
2024-02-25 21:30:35,2024-02-26 21:30:31,UTC-08:00,2024-02-26 14:55:30,2024-02-26 16:59:29,123,Swimming,14.3,995.0,174,127,24,30,34,11,0,false
2024-02-22 23:30:00,2024-02-23 19:22:09,UTC-08:00,2024-02-23 15:04:30,2024-02-23 16:56:59,112,Swimming,15.3,1081.0,181,136,7,24,52,14,1,false
2024-02-21 21:30:32,2024-02-22 23:30:00,UTC-08:00,2024-02-22 15:15:00,2024-02-22 16:52:29,97,Swimming,13.6,809.0,171,128,20,18,44,13,0,false
2024-02-20 20:45:16,2024-02-21 21:30:32,UTC-08:00,2024-02-21 15:04:30,2024-02-21 16:58:29,113,Swimming,14.0,952.0,170,129,15,33,40,9,0,false
2024-02-19 22:00:34,2024-02-20 20:45:16,UTC-08:00,2024-02-20 15:03:00,2024-02-20 16:53:59,110,Swimming,15.5,1053.0,196,135,15,15,51,15,2,false
2024-02-19 00:00:00,2024-02-19 22:00:34,UTC-08:00,2024-02-19 09:13:30,2024-02-19 10:05:59,52,Weightlifting,10.1,410.0,175,126,24,51,15,10,0,false
2024-02-19 00:00:00,2024-02-19 22:00:34,UTC-08:00,2024-02-19 07:06:00,2024-02-19 08:59:29,113,Swimming,16.9,1237.0,175,142,10,12,29,47,0,false
2024-02-07 22:00:16,2024-02-08 21:40:13,UTC-08:00,2024-02-08 15:03:00,2024-02-08 16:19:29,76,Swimming,11.0,530.0,167,120,21,28,37,3,0,false
2024-02-06 20:35:00,2024-02-07 22:00:16,UTC-08:00,2024-02-07 15:03:00,2024-02-07 16:53:59,110,Swimming,14.3,955.0,173,130,11,25,49,8,0,false
2024-02-05 20:45:49,2024-02-06 20:35:00,UTC-08:00,2024-02-06 15:00:00,2024-02-06 16:59:29,119,Swimming,13.4,831.0,164,121,28,24,32,6,0,false
2024-02-05 20:45:49,2024-02-06 20:35:00,UTC-08:00,2024-02-06 06:03:00,2024-02-06 07:35:59,92,Swimming,14.2,859.0,177,133,10,30,35,22,0,false
2024-02-04 20:35:58,2024-02-05 20:45:49,UTC-08:00,2024-02-05 17:12:00,2024-02-05 18:12:00,60,Weightlifting,7.4,300.0,145,110,39,45,2,0,0,false
2024-02-04 20:35:58,2024-02-05 20:45:49,UTC-08:00,2024-02-05 15:00:30,2024-02-05 17:00:29,119,Swimming,16.0,1129.0,181,134,10,23,35,25,1,false
2024-02-02 21:44:00,2024-02-04 00:32:35,UTC-08:00,2024-02-03 08:21:00,2024-02-03 09:04:48,43,Weightlifting,7.6,292.0,150,119,28,59,13,0,0,false
2024-02-02 21:44:00,2024-02-04 00:32:35,UTC-08:00,2024-02-03 06:31:30,2024-02-03 08:04:29,92,Swimming,15.0,942.0,183,138,4,26,45,22,1,false
2024-02-01 21:45:40,2024-02-02 21:44:00,UTC-08:00,2024-02-02 15:00:30,2024-02-02 17:00:00,119,Swimming,13.9,955.0,163,126,15,30,45,4,0,false
2024-01-31 21:00:00,2024-02-01 21:45:40,UTC-08:00,2024-02-01 05:19:30,2024-02-01 06:38:59,79,Swimming,11.9,599.0,165,124,18,19,52,1,0,false
2024-01-30 21:30:00,2024-01-31 21:00:00,UTC-08:00,2024-01-31 15:03:00,2024-01-31 16:49:29,106,Swimming,14.3,943.0,169,131,17,19,50,12,0,false
2024-01-29 21:00:16,2024-01-30 21:30:00,UTC-08:00,2024-01-30 15:03:00,2024-01-30 16:55:29,112,Swimming,13.7,888.0,167,126,21,29,38,9,0,false
2024-01-29 21:00:16,2024-01-30 21:30:00,UTC-08:00,2024-01-30 05:13:30,2024-01-30 06:46:29,92,Swimming,13.5,767.0,173,128,20,22,39,14,0,false
2024-01-28 21:00:38,2024-01-29 21:00:16,UTC-08:00,2024-01-29 15:00:30,2024-01-29 17:00:25,119,Swimming,16.0,1197.0,178,137,8,12,57,19,0,false
2024-01-26 21:00:41,2024-01-28 00:00:00,UTC-08:00,2024-01-27 09:19:30,2024-01-27 09:52:34,33,Activity,6.4,195.0,154,116,41,50,9,0,0,false
2024-01-26 21:00:41,2024-01-28 00:00:00,UTC-08:00,2024-01-27 07:00:30,2024-01-27 09:00:59,120,Swimming,15.9,1151.0,178,136,12,11,49,21,0,false
2024-01-24 21:00:58,2024-01-25 23:23:52,UTC-08:00,2024-01-25 06:01:30,2024-01-25 07:19:51,78,Activity,12.5,675.0,166,130,12,44,36,8,0,false
2024-01-23 20:59:50,2024-01-24 21:00:58,UTC-08:00,2024-01-24 17:40:30,2024-01-24 17:57:33,17,Weightlifting,5.2,98.0,147,115,53,37,10,0,0,false
2024-01-23 20:59:50,2024-01-24 21:00:58,UTC-08:00,2024-01-24 15:00:00,2024-01-24 16:58:29,118,Swimming,13.6,942.0,168,127,13,37,44,3,0,false
2024-01-22 20:59:50,2024-01-23 20:59:50,UTC-08:00,2024-01-23 15:00:30,2024-01-23 17:00:00,119,Swimming,15.2,1086.0,174,133,16,17,46,19,0,false
2024-01-22 20:59:50,2024-01-23 20:59:50,UTC-08:00,2024-01-23 06:00:00,2024-01-23 07:36:23,96,Swimming,16.3,1096.0,184,145,2,13,44,38,2,false
2024-01-21 21:00:14,2024-01-22 20:59:50,UTC-08:00,2024-01-22 17:03:00,2024-01-22 18:00:00,57,Weightlifting,7.5,309.0,139,113,55,43,2,0,0,false
2024-01-21 21:00:14,2024-01-22 20:59:50,UTC-08:00,2024-01-22 15:00:00,2024-01-22 16:59:59,119,Swimming,16.8,1216.0,184,138,15,16,35,27,4,false
2024-01-20 01:03:46,2024-01-21 00:49:21,UTC-08:00,2024-01-20 14:54:00,2024-01-20 16:10:29,76,Basketball,13.6,793.0,162,139,1,21,72,6,0,false
2024-01-20 01:03:46,2024-01-21 00:49:21,UTC-08:00,2024-01-20 12:54:00,2024-01-20 14:08:59,74,Swimming,10.7,531.0,156,122,18,32,39,0,0,false
2024-01-18 22:14:07,2024-01-20 01:03:46,UTC-08:00,2024-01-19 15:09:00,2024-01-19 15:55:29,46,Basketball,9.4,348.0,164,124,29,34,27,7,0,false
2024-01-18 00:27:52,2024-01-18 22:14:07,UTC-08:00,2024-01-18 11:00:30,2024-01-18 13:04:00,123,Swimming,16.9,1304.0,182,140,11,16,47,24,2,false
2024-01-16 00:00:57,2024-01-16 23:28:22,UTC-08:00,2024-01-16 11:06:00,2024-01-16 12:20:59,74,Swimming,13.6,737.0,171,137,13,19,50,18,0,false
2024-01-15 00:25:51,2024-01-16 00:00:57,UTC-08:00,2024-01-15 12:14:00,2024-01-15 14:14:07,120,Swimming,15.0,1044.0,178,130,15,22,40,16,0,false
2024-01-15 00:25:51,2024-01-16 00:00:57,UTC-08:00,2024-01-15 11:43:30,2024-01-15 12:10:29,26,Basketball,8.6,270.0,160,137,4,22,70,4,0,false
2024-01-12 23:03:28,2024-01-14 00:00:00,UTC-08:00,2024-01-13 10:00:30,2024-01-13 11:59:59,119,Swimming,14.6,1007.0,170,129,15,27,40,13,0,false
2024-01-10 20:50:07,2024-01-11 21:30:38,UTC-08:00,2024-01-11 15:03:00,2024-01-11 16:56:59,113,Swimming,15.4,1102.0,177,136,11,23,46,20,0,false
2024-01-10 20:50:07,2024-01-11 21:30:38,UTC-08:00,2024-01-11 05:19:30,2024-01-11 06:43:29,83,Swimming,15.1,909.0,178,142,8,13,44,34,0,false
2024-01-09 20:30:00,2024-01-10 20:50:07,UTC-08:00,2024-01-10 15:00:30,2024-01-10 16:58:21,117,Swimming,15.7,1184.0,172,138,8,12,59,19,0,false
2024-01-08 20:46:10,2024-01-09 20:30:00,UTC-08:00,2024-01-09 15:01:30,2024-01-09 16:59:29,117,Swimming,15.9,1104.0,178,134,9,14,38,29,0,false
2024-01-08 20:46:10,2024-01-09 20:30:00,UTC-08:00,2024-01-09 05:18:00,2024-01-09 06:44:59,86,Swimming,14.5,861.0,178,137,10,15,49,23,0,false
2024-01-07 20:43:25,2024-01-08 20:46:10,UTC-08:00,2024-01-08 17:19:30,2024-01-08 18:14:38,55,Activity,6.8,254.0,142,109,64,33,0,0,0,false
2024-01-07 20:43:25,2024-01-08 20:46:10,UTC-08:00,2024-01-08 15:00:00,2024-01-08 16:55:29,115,Swimming,14.9,1046.0,173,133,14,24,43,18,0,false
2024-01-03 20:26:21,2024-01-04 21:45:54,UTC-08:00,2024-01-04 05:18:00,2024-01-04 06:44:59,86,Swimming,13.8,824.0,165,135,7,21,60,8,0,false
2024-01-02 21:15:16,2024-01-03 20:26:21,UTC-08:00,2024-01-03 17:18:30,2024-01-03 17:54:57,36,Weightlifting,6.2,187.0,147,112,49,43,3,0,0,false
2024-01-02 21:15:16,2024-01-03 20:26:21,UTC-08:00,2024-01-03 15:00:00,2024-01-03 17:07:09,127,Swimming,16.6,1311.0,185,139,7,22,46,25,0,false
2024-01-01 20:00:00,2024-01-02 21:15:16,UTC-08:00,2024-01-02 15:00:00,2024-01-02 16:59:29,119,Swimming,16.0,1188.0,170,137,7,14,51,23,0,false
2024-01-01 20:00:00,2024-01-02 21:15:16,UTC-08:00,2024-01-02 05:16:30,2024-01-02 06:46:25,89,Swimming,13.4,782.0,168,131,13,34,41,12,0,false
2023-12-29 22:26:47,2023-12-31 01:46:42,UTC-08:00,2023-12-30 07:07:30,2023-12-30 08:44:59,97,Swimming,15.8,1059.0,179,142,5,18,43,34,0,false
2023-12-28 22:00:36,2023-12-29 22:26:47,UTC-08:00,2023-12-29 15:30:00,2023-12-29 16:56:59,86,Swimming,12.1,691.0,166,127,13,47,37,3,0,false
2023-12-28 22:00:36,2023-12-29 22:26:47,UTC-08:00,2023-12-29 07:00:30,2023-12-29 08:59:29,118,Swimming,16.0,1162.0,182,136,10,16,52,16,2,false
2023-12-27 22:00:42,2023-12-28 22:00:36,UTC-08:00,2023-12-28 09:16:30,2023-12-28 09:45:00,28,Weightlifting,5.4,127.0,132,110,63,36,0,0,0,false
2023-12-27 22:00:42,2023-12-28 22:00:36,UTC-08:00,2023-12-28 07:03:00,2023-12-28 08:59:22,116,Swimming,14.5,1014.0,174,132,8,35,42,12,0,false
2023-12-26 23:14:36,2023-12-27 22:00:42,UTC-08:00,2023-12-27 15:06:00,2023-12-27 16:59:59,113,Swimming,13.4,867.0,167,126,19,31,44,3,0,false
2023-12-26 23:14:36,2023-12-27 22:00:42,UTC-08:00,2023-12-27 07:00:00,2023-12-27 08:50:59,110,Swimming,15.6,1110.0,182,138,11,13,52,22,0,false
2023-12-26 00:00:00,2023-12-26 23:14:36,UTC-08:00,2023-12-26 15:03:00,2023-12-26 16:53:59,110,Swimming,16.0,1172.0,178,142,6,14,57,23,0,false
2023-12-22 22:00:17,2023-12-23 22:00:17,UTC-08:00,2023-12-23 09:22:30,2023-12-23 09:58:30,36,Activity,5.6,148.0,151,107,60,30,1,0,0,false
2023-12-22 22:00:17,2023-12-23 22:00:17,UTC-08:00,2023-12-23 06:55:30,2023-12-23 09:02:59,127,Swimming,16.1,1205.0,178,136,16,15,37,28,0,false
2023-12-21 21:23:20,2023-12-22 22:00:17,UTC-08:00,2023-12-22 15:01:30,2023-12-22 16:56:59,115,Swimming,14.3,1022.0,166,133,8,30,53,8,0,false
2023-12-21 21:23:20,2023-12-22 22:00:17,UTC-08:00,2023-12-22 09:15:00,2023-12-22 09:41:42,26,Activity,5.6,126.0,151,112,54,28,12,0,0,false
2023-12-21 21:23:20,2023-12-22 22:00:17,UTC-08:00,2023-12-22 07:00:00,2023-12-22 09:00:29,120,Swimming,15.9,1159.0,180,137,8,26,39,25,0,false
2023-12-20 21:06:00,2023-12-21 21:23:20,UTC-08:00,2023-12-21 15:03:00,2023-12-21 16:58:29,115,Swimming,15.1,1070.0,179,135,5,20,54,14,0,false
2023-12-20 21:06:00,2023-12-21 21:23:20,UTC-08:00,2023-12-21 08:09:00,2023-12-21 08:58:29,49,Swimming,7.8,296.0,164,117,17,44,21,3,0,false
2023-12-19 22:40:48,2023-12-20 21:06:00,UTC-08:00,2023-12-20 15:00:00,2023-12-20 16:59:29,119,Swimming,12.8,835.0,167,123,15,43,34,1,0,false
2023-12-19 22:40:48,2023-12-20 21:06:00,UTC-08:00,2023-12-20 09:16:30,2023-12-20 09:42:59,26,Activity,5.4,127.0,134,112,62,38,0,0,0,false
2023-12-19 22:40:48,2023-12-20 21:06:00,UTC-08:00,2023-12-20 07:01:30,2023-12-20 08:59:27,117,Swimming,15.1,1047.0,170,133,15,22,37,22,0,false
2023-12-18 21:00:54,2023-12-19 22:40:48,UTC-08:00,2023-12-19 15:01:30,2023-12-19 16:55:29,113,Swimming,17.4,1303.0,182,146,9,13,27,48,3,false
2023-12-18 21:00:54,2023-12-19 22:40:48,UTC-08:00,2023-12-19 09:15:00,2023-12-19 09:52:29,37,Weightlifting,8.7,316.0,171,131,5,49,39,6,0,false
2023-12-18 21:00:54,2023-12-19 22:40:48,UTC-08:00,2023-12-19 07:03:00,2023-12-19 08:41:59,98,Swimming,15.3,1016.0,183,140,6,17,49,25,1,false
2023-12-17 00:00:00,2023-12-18 21:00:54,UTC-08:00,2023-12-17 19:40:30,2023-12-17 21:14:59,94,Cycling,14.2,932.0,168,138,4,26,62,8,0,false
2023-12-13 20:45:35,2023-12-14 22:01:52,UTC-08:00,2023-12-14 05:21:00,2023-12-14 06:40:29,79,Swimming,11.8,612.0,172,127,17,36,39,7,0,false
2023-12-12 21:00:57,2023-12-13 20:45:35,UTC-08:00,2023-12-13 15:06:00,2023-12-13 16:55:29,109,Swimming,13.6,884.0,178,129,15,40,36,9,0,false
2023-12-11 21:00:38,2023-12-12 21:00:57,UTC-08:00,2023-12-12 15:04:30,2023-12-12 16:52:29,107,Swimming,14.7,1002.0,170,136,9,26,48,17,0,false
2023-12-10 21:00:10,2023-12-11 21:00:38,UTC-08:00,2023-12-11 17:16:30,2023-12-11 17:58:00,41,Activity,8.1,272.0,165,121,32,35,20,7,0,false
2023-12-10 21:00:10,2023-12-11 21:00:38,UTC-08:00,2023-12-11 15:06:00,2023-12-11 16:55:29,109,Swimming,16.0,1111.0,177,140,10,14,39,34,0,false
2023-12-08 21:00:04,2023-12-10 00:07:09,UTC-08:00,2023-12-09 09:01:30,2023-12-09 09:59:59,58,Swimming,8.5,341.0,169,118,46,38,11,4,0,false
2023-12-08 21:00:04,2023-12-10 00:07:09,UTC-08:00,2023-12-09 07:01:30,2023-12-09 08:49:29,107,Swimming,14.7,966.0,176,134,15,23,40,21,0,false
2023-12-07 20:45:01,2023-12-08 21:00:04,UTC-08:00,2023-12-08 17:05:00,2023-12-08 18:09:00,64,Weightlifting,7.7,298.0,159,111,30,34,10,1,0,false
2023-12-07 20:45:01,2023-12-08 21:00:04,UTC-08:00,2023-12-08 15:00:30,2023-12-08 16:59:29,118,Swimming,17.2,1232.0,188,141,12,18,24,35,7,false
2023-12-06 20:45:01,2023-12-07 20:45:01,UTC-08:00,2023-12-07 05:18:00,2023-12-07 06:41:59,83,Swimming,15.9,1009.0,186,149,1,10,43,46,0,false
2023-12-05 21:09:50,2023-12-06 20:45:01,UTC-08:00,2023-12-06 17:08:00,2023-12-06 18:07:00,59,Weightlifting,9.6,414.0,167,124,28,47,18,7,0,false
2023-12-05 21:09:50,2023-12-06 20:45:01,UTC-08:00,2023-12-06 15:00:00,2023-12-06 17:00:00,120,Swimming,16.7,1241.0,185,141,8,24,30,34,4,false
2023-12-04 21:46:38,2023-12-05 21:09:50,UTC-08:00,2023-12-05 14:45:00,2023-12-05 16:02:59,77,Swimming,10.1,482.0,165,119,31,42,16,5,0,false
2023-11-30 21:17:46,2023-12-01 22:23:28,UTC-08:00,2023-12-01 07:25:30,2023-12-01 08:13:20,47,Activity,8.5,322.0,163,121,23,36,29,3,0,false
2023-11-29 23:25:11,2023-11-30 21:17:46,UTC-08:00,2023-11-30 15:06:00,2023-11-30 15:43:29,37,Swimming,7.8,270.0,164,124,17,46,30,4,0,false
2023-11-26 20:50:18,2023-11-27 21:05:28,UTC-08:00,2023-11-27 15:00:30,2023-11-27 16:59:29,118,Swimming,13.1,852.0,165,123,21,34,36,3,0,false
2023-11-24 21:45:42,2023-11-25 23:00:57,UTC-08:00,2023-11-25 07:03:00,2023-11-25 08:59:59,116,Swimming,14.4,1024.0,174,132,9,32,47,11,0,false
2023-11-23 23:31:19,2023-11-24 21:45:42,UTC-08:00,2023-11-24 09:13:30,2023-11-24 09:34:41,21,Activity,5.2,105.0,144,111,39,48,4,0,0,false
2023-11-23 23:31:19,2023-11-24 21:45:42,UTC-08:00,2023-11-24 07:01:30,2023-11-24 08:59:52,118,Swimming,14.0,1009.0,167,130,8,38,50,4,0,false
2023-11-22 00:12:42,2023-11-22 23:31:52,UTC-08:00,2023-11-22 17:15:00,2023-11-22 17:58:59,43,Weightlifting,7.9,284.0,158,120,28,46,20,1,0,false
2023-11-22 00:12:42,2023-11-22 23:31:52,UTC-08:00,2023-11-22 15:00:30,2023-11-22 16:59:29,118,Swimming,17.3,1270.0,183,142,11,8,38,33,5,false
2023-11-20 20:30:38,2023-11-22 00:12:42,UTC-08:00,2023-11-21 15:06:00,2023-11-21 17:01:29,115,Swimming,14.7,1062.0,168,134,7,30,52,10,0,false
2023-11-20 20:30:38,2023-11-22 00:12:42,UTC-08:00,2023-11-21 05:16:30,2023-11-21 07:12:07,115,Swimming,14.0,873.0,177,125,25,24,32,12,0,false
2023-11-19 23:49:06,2023-11-20 20:30:38,UTC-08:00,2023-11-20 17:13:30,2023-11-20 17:59:08,45,Weightlifting,8.1,320.0,156,123,17,60,22,0,0,false
2023-11-19 23:49:06,2023-11-20 20:30:38,UTC-08:00,2023-11-20 15:01:30,2023-11-20 16:59:40,118,Swimming,18.3,1408.0,189,149,8,12,21,47,12,false
2023-11-15 20:30:46,2023-11-16 20:45:49,UTC-08:00,2023-11-16 17:18:00,2023-11-16 17:55:13,37,Weightlifting,9.9,336.0,165,133,13,16,49,16,0,false
2023-11-15 20:30:46,2023-11-16 20:45:49,UTC-08:00,2023-11-16 15:03:00,2023-11-16 16:56:59,113,Swimming,13.8,917.0,173,128,10,33,44,8,0,false
2023-11-15 20:30:46,2023-11-16 20:45:49,UTC-08:00,2023-11-16 05:21:00,2023-11-16 06:46:29,85,Swimming,12.6,687.0,175,128,17,33,40,9,0,false
2023-11-14 21:00:09,2023-11-15 20:30:46,UTC-08:00,2023-11-15 17:15:30,2023-11-15 18:00:23,44,Weightlifting,6.8,237.0,145,114,33,52,6,0,0,false
2023-11-14 21:00:09,2023-11-15 20:30:46,UTC-08:00,2023-11-15 15:03:00,2023-11-15 16:47:59,104,Swimming,14.6,973.0,170,135,10,20,51,17,0,false
2023-11-13 20:25:28,2023-11-14 21:00:09,UTC-08:00,2023-11-14 05:16:30,2023-11-14 06:47:59,91,Swimming,14.3,874.0,174,136,7,28,46,19,0,false
2023-11-12 20:46:34,2023-11-13 20:25:28,UTC-08:00,2023-11-13 17:04:30,2023-11-13 18:02:59,58,Swimming,10.3,458.0,171,127,10,61,21,8,0,false
2023-11-12 20:46:34,2023-11-13 20:25:28,UTC-08:00,2023-11-13 15:01:30,2023-11-13 16:52:29,110,Swimming,14.3,944.0,174,131,16,21,48,12,0,false
2023-11-10 21:00:44,2023-11-11 23:10:25,UTC-08:00,2023-11-11 07:00:00,2023-11-11 08:59:59,119,Swimming,15.5,1102.0,177,134,9,19,40,25,0,false
2023-11-09 21:05:18,2023-11-10 21:00:44,UTC-08:00,2023-11-10 09:09:00,2023-11-10 10:04:00,55,Weightlifting,8.7,362.0,169,121,25,52,18,3,0,false
2023-11-09 21:05:18,2023-11-10 21:00:44,UTC-08:00,2023-11-10 07:03:00,2023-11-10 08:53:59,110,Swimming,14.4,1016.0,169,134,6,26,56,11,0,false
2023-11-08 20:40:47,2023-11-09 21:05:18,UTC-08:00,2023-11-09 16:01:30,2023-11-09 16:38:59,37,Swimming,7.5,276.0,154,125,6,73,21,0,0,false
2023-11-08 20:40:47,2023-11-09 21:05:18,UTC-08:00,2023-11-09 15:06:00,2023-11-09 15:41:59,35,Swimming,9.2,324.0,168,133,7,28,51,12,0,false
2023-11-08 20:40:47,2023-11-09 21:05:18,UTC-08:00,2023-11-09 05:19:30,2023-11-09 06:43:29,83,Swimming,11.5,612.0,162,125,16,43,36,2,0,false
2023-11-07 21:00:26,2023-11-08 20:40:47,UTC-08:00,2023-11-08 17:15:00,2023-11-08 17:55:13,40,Weightlifting,7.4,268.0,150,121,18,62,17,0,0,false
2023-11-07 21:00:26,2023-11-08 20:40:47,UTC-08:00,2023-11-08 15:03:00,2023-11-08 16:52:29,109,Swimming,14.2,919.0,170,130,15,21,45,13,0,false
2023-11-06 20:30:51,2023-11-07 21:00:26,UTC-08:00,2023-11-07 17:24:00,2023-11-07 18:11:09,47,Activity,9.3,383.0,156,129,14,47,38,1,0,false
2023-11-06 20:30:51,2023-11-07 21:00:26,UTC-08:00,2023-11-07 15:04:30,2023-11-07 17:01:29,116,Swimming,15.2,1120.0,171,136,9,24,53,14,0,false
2023-10-31 21:00:10,2023-11-01 20:45:27,UTC-07:00,2023-11-01 15:01:30,2023-11-01 16:11:59,70,Swimming,7.8,318.0,157,108,34,28,14,0,0,false
2023-10-30 20:45:17,2023-10-31 21:00:10,UTC-07:00,2023-10-31 05:16:30,2023-10-31 06:43:29,86,Swimming,10.8,534.0,159,118,26,36,27,0,0,false
2023-10-29 21:20:25,2023-10-30 20:45:17,UTC-07:00,2023-10-30 15:03:00,2023-10-30 16:58:29,115,Swimming,13.7,919.0,168,127,15,32,43,7,0,false
2023-10-27 21:00:26,2023-10-28 21:45:00,UTC-07:00,2023-10-28 07:00:00,2023-10-28 08:59:47,119,Swimming,15.7,1072.0,184,132,13,16,34,26,1,false
2023-10-26 21:40:17,2023-10-27 21:00:26,UTC-07:00,2023-10-27 17:07:30,2023-10-27 18:01:35,54,Weightlifting,8.0,304.0,164,115,55,28,14,3,0,false
2023-10-26 21:40:17,2023-10-27 21:00:26,UTC-07:00,2023-10-27 15:01:30,2023-10-27 16:49:29,107,Swimming,13.2,807.0,173,125,23,35,30,8,0,false
2023-10-25 20:45:09,2023-10-26 21:40:17,UTC-07:00,2023-10-26 15:00:00,2023-10-26 17:18:15,138,Swimming,14.5,1039.0,180,124,23,25,36,8,0,false
2023-10-25 20:45:09,2023-10-26 21:40:17,UTC-07:00,2023-10-26 05:13:30,2023-10-26 06:46:29,92,Swimming,13.6,850.0,161,133,5,33,54,7,0,false
2023-10-24 20:30:10,2023-10-25 20:45:09,UTC-07:00,2023-10-25 17:16:30,2023-10-25 18:13:05,56,Weightlifting,9.7,398.0,163,123,34,30,27,6,0,false
2023-10-24 20:30:10,2023-10-25 20:45:09,UTC-07:00,2023-10-25 15:00:30,2023-10-25 16:59:59,119,Swimming,16.0,1168.0,184,137,9,16,55,16,1,false
2023-10-23 21:19:34,2023-10-24 20:30:10,UTC-07:00,2023-10-24 15:00:00,2023-10-24 16:59:22,119,Swimming,15.8,1087.0,183,133,14,18,33,27,1,false
2023-10-23 21:19:34,2023-10-24 20:30:10,UTC-07:00,2023-10-24 05:15:00,2023-10-24 06:50:59,95,Swimming,15.5,1001.0,181,140,6,25,42,25,2,false
2023-10-22 21:00:56,2023-10-23 21:19:34,UTC-07:00,2023-10-23 17:45:00,2023-10-23 18:23:59,38,Weightlifting,6.1,188.0,147,111,50,41,4,0,0,false
2023-10-18 21:00:05,2023-10-19 20:45:05,UTC-07:00,2023-10-19 15:09:00,2023-10-19 16:44:30,95,Swimming,9.5,491.0,165,111,33,41,13,0,0,false
2023-10-18 21:00:05,2023-10-19 20:45:05,UTC-07:00,2023-10-19 05:13:30,2023-10-19 06:47:59,94,Swimming,13.8,858.0,171,133,8,35,46,10,0,false
2023-10-17 20:40:49,2023-10-18 21:00:05,UTC-07:00,2023-10-18 15:09:00,2023-10-18 17:22:22,133,Swimming,15.2,1164.0,186,131,6,36,44,8,1,false
2023-10-16 21:00:56,2023-10-17 20:40:49,UTC-07:00,2023-10-17 15:04:30,2023-10-17 17:01:29,116,Swimming,14.3,985.0,170,129,14,28,45,9,0,false
2023-10-16 21:00:56,2023-10-17 20:40:49,UTC-07:00,2023-10-17 05:15:00,2023-10-17 06:44:59,89,Swimming,13.4,770.0,176,130,14,34,38,11,0,false
2023-10-15 20:45:49,2023-10-16 21:00:56,UTC-07:00,2023-10-16 17:12:00,2023-10-16 18:12:00,59,Weightlifting,9.7,431.0,169,123,26,48,21,4,0,false
2023-10-15 20:45:49,2023-10-16 21:00:56,UTC-07:00,2023-10-16 15:01:30,2023-10-16 16:55:29,113,Swimming,15.1,1054.0,178,134,13,25,44,16,0,false
2023-10-13 20:45:13,2023-10-14 22:31:23,UTC-07:00,2023-10-14 07:07:30,2023-10-14 09:00:01,112,Swimming,13.8,921.0,175,128,17,41,32,9,0,false
2023-10-12 23:00:32,2023-10-13 20:45:13,UTC-07:00,2023-10-13 17:07:00,2023-10-13 18:12:14,65,Weightlifting,8.9,393.0,165,116,38,45,9,2,0,false
2023-10-12 23:00:32,2023-10-13 20:45:13,UTC-07:00,2023-10-13 15:01:30,2023-10-13 16:58:29,116,Swimming,13.0,874.0,164,124,16,48,33,0,0,false
2023-10-11 20:30:21,2023-10-12 23:00:32,UTC-07:00,2023-10-12 15:04:30,2023-10-12 17:00:34,116,Swimming,13.7,892.0,170,124,15,28,38,9,0,false
2023-10-11 20:30:21,2023-10-12 23:00:32,UTC-07:00,2023-10-12 05:15:00,2023-10-12 06:47:59,92,Swimming,13.2,781.0,164,129,16,27,50,3,0,false
2023-10-10 20:37:21,2023-10-11 20:30:21,UTC-07:00,2023-10-11 17:16:30,2023-10-11 17:59:12,42,Weightlifting,7.5,270.0,165,118,34,54,9,2,0,false
2023-10-10 20:37:21,2023-10-11 20:30:21,UTC-07:00,2023-10-11 15:01:30,2023-10-11 17:02:59,121,Swimming,17.3,1304.0,189,141,7,20,38,28,5,false
2023-10-09 20:21:21,2023-10-10 20:37:21,UTC-07:00,2023-10-10 05:16:30,2023-10-10 06:57:51,101,Swimming,14.6,988.0,168,136,8,29,50,13,0,false
2023-10-08 20:15:43,2023-10-09 20:21:21,UTC-07:00,2023-10-09 17:17:00,2023-10-09 18:08:00,51,Weightlifting,9.3,395.0,165,126,10,67,20,3,0,false
2023-10-08 20:15:43,2023-10-09 20:21:21,UTC-07:00,2023-10-09 15:01:30,2023-10-09 17:16:52,135,Swimming,16.2,1239.0,182,133,20,19,35,22,1,false
2023-10-06 21:01:02,2023-10-07 23:14:46,UTC-07:00,2023-10-07 07:00:30,2023-10-07 09:05:45,125,Swimming,16.4,1237.0,184,136,7,15,45,25,1,false
2023-10-04 20:52:28,2023-10-05 20:59:15,UTC-07:00,2023-10-05 15:01:30,2023-10-05 16:59:29,117,Swimming,10.8,597.0,179,111,40,28,13,2,0,false
2023-10-04 20:52:28,2023-10-05 20:59:15,UTC-07:00,2023-10-05 05:15:00,2023-10-05 06:52:29,97,Swimming,14.0,881.0,170,132,12,34,41,13,0,false
2023-10-03 21:00:59,2023-10-04 20:52:28,UTC-07:00,2023-10-04 17:24:00,2023-10-04 17:47:04,23,Activity,5.3,118.0,134,112,51,49,0,0,0,false
2023-10-03 21:00:59,2023-10-04 20:52:28,UTC-07:00,2023-10-04 15:00:30,2023-10-04 16:59:11,118,Swimming,14.2,916.0,181,125,19,38,23,12,0,false
2023-10-02 20:29:37,2023-10-03 21:00:59,UTC-07:00,2023-10-03 15:00:00,2023-10-03 16:59:20,119,Swimming,15.0,1072.0,181,132,14,26,46,12,0,false
2023-10-02 20:29:37,2023-10-03 21:00:59,UTC-07:00,2023-10-03 05:15:30,2023-10-03 07:02:04,106,Swimming,15.5,1054.0,177,137,13,20,39,27,0,false
2023-10-01 21:30:20,2023-10-02 20:29:37,UTC-07:00,2023-10-02 17:09:00,2023-10-02 18:00:14,51,Weightlifting,8.9,351.0,163,121,21,46,21,4,0,false
2023-10-01 21:30:20,2023-10-02 20:29:37,UTC-07:00,2023-10-02 15:00:30,2023-10-02 16:59:37,119,Swimming,15.8,1101.0,184,134,15,17,37,24,1,false
2023-09-25 20:44:12,2023-09-26 20:44:12,UTC-07:00,2023-09-26 15:00:00,2023-09-26 17:05:00,125,Swimming,14.6,1036.0,177,129,14,20,50,9,0,false
2023-09-25 20:44:12,2023-09-26 20:44:12,UTC-07:00,2023-09-26 05:15:00,2023-09-26 06:45:50,90,Swimming,16.4,1036.0,189,146,5,11,35,40,6,false
2023-09-20 20:17:15,2023-09-21 21:01:16,UTC-07:00,2023-09-21 21:55:30,2023-09-21 22:35:37,40,Ultimate Frisbee,11.6,437.0,176,143,3,18,47,32,0,false
2023-09-19 21:04:01,2023-09-20 20:17:15,UTC-07:00,2023-09-20 15:01:30,2023-09-20 16:56:59,115,Swimming,16.1,1140.0,192,137,7,19,43,21,4,false
2023-09-18 20:45:24,2023-09-19 21:04:01,UTC-07:00,2023-09-19 15:00:30,2023-09-19 16:59:29,118,Swimming,15.5,1104.0,179,134,16,19,43,20,0,false
2023-09-18 20:45:24,2023-09-19 21:04:01,UTC-07:00,2023-09-19 05:16:30,2023-09-19 06:45:18,88,Swimming,15.5,972.0,176,143,5,15,33,46,0,false
2023-09-17 21:03:20,2023-09-18 20:45:24,UTC-07:00,2023-09-18 17:15:00,2023-09-18 17:59:16,44,Weightlifting,8.7,325.0,180,124,27,48,20,5,0,false
2023-09-17 21:03:20,2023-09-18 20:45:24,UTC-07:00,2023-09-18 14:58:30,2023-09-18 17:06:00,127,Swimming,16.2,1255.0,189,137,11,17,49,22,0,false
2023-09-15 22:16:38,2023-09-16 23:13:44,UTC-07:00,2023-09-16 07:09:00,2023-09-16 08:57:16,108,Activity,14.8,989.0,180,134,12,23,45,17,0,false
2023-09-14 21:10:08,2023-09-15 22:16:38,UTC-07:00,2023-09-15 17:13:30,2023-09-15 18:02:59,49,Weightlifting,8.3,327.0,160,121,33,41,23,2,0,false
2023-09-14 21:10:08,2023-09-15 22:16:38,UTC-07:00,2023-09-15 15:00:00,2023-09-15 16:59:52,119,Swimming,13.2,809.0,178,121,34,24,26,7,0,false
2023-09-13 20:54:20,2023-09-14 21:10:08,UTC-07:00,2023-09-14 15:00:00,2023-09-14 16:59:29,119,Swimming,10.8,608.0,163,112,28,41,13,0,0,false
2023-09-13 20:54:20,2023-09-14 21:10:08,UTC-07:00,2023-09-14 05:19:30,2023-09-14 06:47:59,88,Swimming,14.5,893.0,176,139,8,15,55,22,0,false
2023-09-12 21:43:26,2023-09-13 20:54:20,UTC-07:00,2023-09-13 15:03:00,2023-09-13 16:59:11,116,Swimming,13.4,890.0,162,126,15,27,48,3,0,false
2023-09-11 20:54:20,2023-09-12 21:43:26,UTC-07:00,2023-09-12 15:00:00,2023-09-12 16:59:35,119,Swimming,14.5,922.0,186,127,18,22,33,14,2,false
2023-09-11 20:54:20,2023-09-12 21:43:26,UTC-07:00,2023-09-12 05:15:00,2023-09-12 06:45:19,90,Swimming,14.2,831.0,178,135,12,22,41,22,0,false
2023-09-10 20:49:10,2023-09-11 20:54:20,UTC-07:00,2023-09-11 17:08:30,2023-09-11 18:00:21,51,Weightlifting,10.5,438.0,174,132,11,42,39,8,0,false
2023-09-10 20:49:10,2023-09-11 20:54:20,UTC-07:00,2023-09-11 15:00:00,2023-09-11 17:02:30,122,Swimming,18.8,1448.0,191,149,8,11,32,24,23,false
2023-09-08 22:10:22,2023-09-09 23:23:29,UTC-07:00,2023-09-09 07:00:00,2023-09-09 08:59:05,119,Swimming,16.1,1113.0,186,136,12,18,27,34,3,false
2023-09-07 21:47:04,2023-09-08 22:10:22,UTC-07:00,2023-09-08 17:13:30,2023-09-08 17:58:36,45,Swimming,10.6,426.0,174,137,4,32,52,12,0,false
2023-09-07 21:47:04,2023-09-08 22:10:22,UTC-07:00,2023-09-08 15:04:30,2023-09-08 17:00:37,116,Activity,15.6,1084.0,180,136,11,35,26,27,1,false
2023-09-06 20:30:50,2023-09-07 21:47:04,UTC-07:00,2023-09-07 15:00:30,2023-09-07 17:00:00,119,Swimming,15.6,1097.0,196,135,11,31,33,22,1,false
2023-09-06 20:30:50,2023-09-07 21:47:04,UTC-07:00,2023-09-07 05:15:30,2023-09-07 06:50:01,94,Swimming,15.3,982.0,181,142,5,22,42,30,1,false
2023-09-05 21:00:17,2023-09-06 20:30:50,UTC-07:00,2023-09-06 17:20:00,2023-09-06 18:15:00,55,Weightlifting,9.7,437.0,158,129,1,62,36,0,0,false
2023-09-05 21:00:17,2023-09-06 20:30:50,UTC-07:00,2023-09-06 15:00:00,2023-09-06 17:19:11,139,Swimming,17.2,1364.0,188,138,11,16,36,29,4,false
2023-09-04 20:48:38,2023-09-05 21:00:17,UTC-07:00,2023-09-05 15:00:30,2023-09-05 17:02:00,121,Swimming,17.8,1367.0,188,146,9,14,24,46,7,false
2023-08-30 21:44:43,2023-08-31 22:13:46,UTC-07:00,2023-08-31 16:33:00,2023-08-31 18:30:00,117,Weightlifting,10.8,581.0,192,113,44,37,7,1,0,false
2023-08-30 21:44:43,2023-08-31 22:13:46,UTC-07:00,2023-08-31 15:00:30,2023-08-31 16:32:30,92,Swimming,14.9,929.0,198,140,8,16,49,23,3,false
2023-08-28 23:08:27,2023-08-29 21:49:32,UTC-07:00,2023-08-29 16:35:00,2023-08-29 18:00:00,85,Weightlifting,10.4,507.0,192,119,34,46,13,1,1,false
2023-08-28 23:08:27,2023-08-29 21:49:32,UTC-07:00,2023-08-29 15:00:30,2023-08-29 16:19:30,79,Swimming,15.4,843.0,197,144,6,17,44,18,12,false
2023-08-28 00:00:00,2023-08-28 23:08:27,UTC-07:00,2023-08-28 16:40:00,2023-08-28 17:40:00,60,Weightlifting,11.5,513.0,180,132,12,46,28,14,0,false
2023-08-28 00:00:00,2023-08-28 23:08:27,UTC-07:00,2023-08-28 15:00:00,2023-08-28 16:31:53,91,Swimming,17.1,1110.0,197,150,2,13,33,41,11,false
2023-08-24 21:47:59,2023-08-25 23:27:10,UTC-07:00,2023-08-25 08:24:00,2023-08-25 09:14:43,50,Weightlifting,8.0,320.0,156,120,30,58,12,0,0,false
2023-08-24 21:47:59,2023-08-25 23:27:10,UTC-07:00,2023-08-25 07:03:00,2023-08-25 08:07:29,64,Swimming,14.0,685.0,188,142,10,17,30,39,4,false
2023-08-23 22:13:08,2023-08-24 21:47:59,UTC-07:00,2023-08-24 07:00:00,2023-08-24 08:06:44,66,Swimming,13.1,638.0,178,137,7,26,41,23,0,false
2023-08-22 22:30:55,2023-08-23 22:13:08,UTC-07:00,2023-08-23 08:26:00,2023-08-23 09:17:00,51,Weightlifting,8.8,364.0,160,123,23,49,26,1,0,false
2023-08-22 22:30:55,2023-08-23 22:13:08,UTC-07:00,2023-08-23 07:03:00,2023-08-23 08:25:44,82,Swimming,14.5,821.0,185,138,8,26,38,25,3,false
2023-08-22 00:00:00,2023-08-22 22:30:55,UTC-07:00,2023-08-22 08:10:00,2023-08-22 09:08:00,58,Weightlifting,9.9,453.0,155,127,11,57,32,0,0,false
2023-08-22 00:00:00,2023-08-22 22:30:55,UTC-07:00,2023-08-22 07:01:30,2023-08-22 08:09:20,67,Swimming,15.3,798.0,202,147,1,19,43,23,13,false
2023-08-01 21:04:45,2023-08-02 22:55:09,UTC-07:00,2023-08-02 12:16:30,2023-08-02 13:28:27,71,Weightlifting,5.6,180.0,130,96,46,11,0,0,0,false
2023-07-25 23:25:49,2023-07-26 22:07:36,UTC-07:00,2023-07-26 08:00:00,2023-07-26 08:47:59,47,Swimming,10.3,396.0,168,129,15,27,37,16,0,false
2023-07-21 23:02:17,2023-07-22 23:22:23,UTC-07:00,2023-07-22 07:10:30,2023-07-22 08:47:59,97,Swimming,10.4,510.0,173,112,29,35,13,4,0,false
2023-07-20 22:47:12,2023-07-21 23:02:17,UTC-07:00,2023-07-21 21:21:00,2023-07-21 22:00:44,39,Activity,5.0,106.0,150,84,12,8,8,0,0,false
2023-07-20 22:47:12,2023-07-21 23:02:17,UTC-07:00,2023-07-21 05:15:00,2023-07-21 07:50:25,155,Swimming,14.7,967.0,172,116,23,18,14,18,0,false
2023-07-18 23:08:25,2023-07-19 21:38:51,UTC-07:00,2023-07-19 19:19:30,2023-07-19 20:28:14,68,Weightlifting,8.3,352.0,161,111,29,38,10,0,0,false
2023-07-18 23:08:25,2023-07-19 21:38:51,UTC-07:00,2023-07-19 15:06:00,2023-07-19 16:37:29,91,Swimming,10.0,501.0,162,113,32,41,13,1,0,false
2023-07-17 21:30:50,2023-07-18 23:08:25,UTC-07:00,2023-07-18 05:36:00,2023-07-18 06:41:59,65,Swimming,9.8,406.0,170,116,30,26,24,6,0,false
2023-07-17 01:22:29,2023-07-17 21:30:50,UTC-07:00,2023-07-17 15:04:30,2023-07-17 16:19:29,74,Swimming,11.1,502.0,178,119,27,40,17,8,0,false
2023-07-11 23:05:34,2023-07-12 23:05:01,UTC-07:00,2023-07-12 15:10:30,2023-07-12 17:07:17,116,Swimming,9.7,507.0,163,105,29,26,11,0,0,false
2023-07-10 21:45:22,2023-07-11 23:05:34,UTC-07:00,2023-07-11 06:31:30,2023-07-11 07:26:06,54,Swimming,10.0,418.0,170,126,14,34,38,9,0,false
2023-07-09 21:49:28,2023-07-10 21:45:22,UTC-07:00,2023-07-10 05:33:00,2023-07-10 07:28:29,115,Swimming,13.7,831.0,174,123,21,24,30,14,0,false
2023-07-07 20:45:18,2023-07-08 23:00:02,UTC-07:00,2023-07-08 07:04:30,2023-07-08 09:00:00,115,Swimming,13.5,811.0,174,122,14,21,31,14,0,false
2023-07-06 20:37:24,2023-07-07 20:45:18,UTC-07:00,2023-07-07 15:00:30,2023-07-07 17:00:00,119,Swimming,13.2,858.0,171,122,18,39,33,4,0,false
2023-07-06 20:37:24,2023-07-07 20:45:18,UTC-07:00,2023-07-07 05:30:00,2023-07-07 07:30:29,120,Swimming,13.8,851.0,179,121,27,17,32,11,0,false
2023-07-05 20:36:24,2023-07-06 20:37:24,UTC-07:00,2023-07-06 11:39:00,2023-07-06 12:29:59,50,Activity,13.6,620.0,189,149,0,7,48,43,2,false
2023-07-05 20:36:24,2023-07-06 20:37:24,UTC-07:00,2023-07-06 05:28:30,2023-07-06 07:30:31,122,Badminton,16.2,1170.0,189,136,14,20,38,25,2,false
2023-07-05 00:00:00,2023-07-05 20:36:24,UTC-07:00,2023-07-05 15:01:00,2023-07-05 16:59:03,118,Swimming,13.7,865.0,177,124,23,34,27,10,0,false
2023-06-25 23:16:58,2023-06-26 23:16:58,UTC-07:00,2023-06-26 15:03:00,2023-06-26 15:55:29,52,Swimming,12.0,466.0,191,133,16,24,23,28,3,false
2023-06-22 21:40:06,2023-06-23 21:30:13,UTC-07:00,2023-06-23 12:05:25,2023-06-23 12:42:00,36,Swimming,8.5,270.0,173,126,15,24,35,15,0,false
2023-06-21 21:05:37,2023-06-22 21:40:06,UTC-07:00,2023-06-22 05:19:13,2023-06-22 06:45:40,86,Swimming,14.2,826.0,194,136,9,28,43,18,2,false
2023-06-20 22:00:00,2023-06-21 21:05:37,UTC-07:00,2023-06-21 14:59:44,2023-06-21 16:57:47,118,Swimming,14.5,999.0,181,130,5,31,45,10,0,false
2023-06-19 20:30:53,2023-06-20 22:00:00,UTC-07:00,2023-06-20 17:22:00,2023-06-20 18:34:00,72,Weightlifting,6.4,231.0,143,101,58,16,0,0,0,false
2023-06-19 20:30:53,2023-06-20 22:00:00,UTC-07:00,2023-06-20 15:00:41,2023-06-20 16:57:32,116,Swimming,14.3,960.0,173,129,11,38,31,13,0,false
2023-06-19 20:30:53,2023-06-20 22:00:00,UTC-07:00,2023-06-20 05:17:46,2023-06-20 06:49:23,91,Swimming,14.9,924.0,195,139,8,19,42,29,0,false
2023-06-18 21:08:14,2023-06-19 20:30:53,UTC-07:00,2023-06-19 06:30:11,2023-06-19 08:37:36,127,Swimming,16.7,1261.0,190,137,8,12,41,31,1,false
2023-06-16 23:29:39,2023-06-17 23:30:18,UTC-07:00,2023-06-17 07:02:00,2023-06-17 08:52:16,110,Swimming,14.7,962.0,180,132,14,17,47,16,0,false
2023-06-15 22:30:41,2023-06-16 23:29:39,UTC-07:00,2023-06-16 15:00:06,2023-06-16 17:00:00,119,Swimming,15.1,1068.0,178,133,17,21,46,15,0,false
2023-06-14 21:36:00,2023-06-15 22:30:41,UTC-07:00,2023-06-15 15:00:25,2023-06-15 17:01:49,121,Swimming,15.9,1137.0,175,135,12,23,34,28,0,false
2023-06-14 21:36:00,2023-06-15 22:30:41,UTC-07:00,2023-06-15 05:15:00,2023-06-15 06:45:00,90,Swimming,8.7,401.0,161,106,27,27,12,1,0,false
2023-06-13 21:53:53,2023-06-14 21:36:00,UTC-07:00,2023-06-14 15:00:00,2023-06-14 17:00:00,120,Swimming,16.8,1188.0,183,140,10,13,19,47,1,false
2023-06-12 21:00:45,2023-06-13 21:53:53,UTC-07:00,2023-06-13 17:37:50,2023-06-13 18:04:41,26,Activity,5.3,121.0,137,111,62,37,1,0,0,false
2023-06-12 21:00:45,2023-06-13 21:53:53,UTC-07:00,2023-06-13 05:14:30,2023-06-13 06:45:07,90,Swimming,15.3,946.0,186,142,7,19,33,38,3,false
2023-06-11 21:33:45,2023-06-12 21:00:45,UTC-07:00,2023-06-12 15:00:45,2023-06-12 17:00:00,119,Swimming,15.6,1102.0,194,136,13,15,47,21,1,false
2023-06-09 21:20:15,2023-06-10 23:00:11,UTC-07:00,2023-06-10 07:00:19,2023-06-10 09:01:48,121,Swimming,16.9,1270.0,178,140,7,19,30,41,0,false
2023-06-07 21:39:00,2023-06-08 22:50:07,UTC-07:00,2023-06-08 17:15:08,2023-06-08 18:21:27,66,Weightlifting,8.6,368.0,168,113,60,31,3,3,0,false
2023-06-07 21:39:00,2023-06-08 22:50:07,UTC-07:00,2023-06-08 14:58:55,2023-06-08 17:00:12,121,Swimming,16.8,1186.0,185,136,14,18,23,37,2,false
2023-06-07 21:39:00,2023-06-08 22:50:07,UTC-07:00,2023-06-08 05:15:00,2023-06-08 06:45:59,90,Swimming,15.4,935.0,195,139,14,21,25,37,2,false
2023-06-06 21:10:15,2023-06-07 21:39:00,UTC-07:00,2023-06-07 15:01:30,2023-06-07 17:01:16,119,Swimming,13.2,884.0,163,122,11,50,29,1,0,false
2023-06-05 20:45:00,2023-06-06 21:10:15,UTC-07:00,2023-06-06 15:03:15,2023-06-06 17:00:16,117,Swimming,16.4,1232.0,179,140,5,20,47,28,0,false
2023-06-03 22:30:01,2023-06-05 13:35:00,UTC-07:00,2023-06-04 08:27:38,2023-06-04 08:57:39,30,Swimming,9.5,302.0,169,138,7,16,56,20,0,false
2023-06-02 22:35:32,2023-06-03 22:30:01,UTC-07:00,2023-06-03 16:50:03,2023-06-03 17:18:23,28,Swimming,8.5,261.0,169,133,9,27,50,11,0,false
2023-06-02 22:35:32,2023-06-03 22:30:01,UTC-07:00,2023-06-03 08:17:31,2023-06-03 08:53:40,36,Swimming,10.8,382.0,175,141,3,20,52,24,0,false
2023-06-01 23:23:14,2023-06-02 22:35:32,UTC-07:00,2023-06-02 08:11:18,2023-06-02 08:51:08,39,Swimming,11.1,413.0,180,140,7,15,51,25,1,false
2023-05-30 21:27:24,2023-05-31 21:05:44,UTC-07:00,2023-05-31 15:01:48,2023-05-31 16:33:59,92,Swimming,12.6,668.0,169,123,18,38,23,13,0,false
2023-05-29 21:16:05,2023-05-30 21:27:24,UTC-07:00,2023-05-30 05:15:42,2023-05-30 06:45:02,89,Swimming,14.0,805.0,177,132,12,19,42,21,0,false
2023-05-28 21:13:10,2023-05-29 21:16:05,UTC-07:00,2023-05-29 06:42:39,2023-05-29 08:31:05,108,Swimming,15.0,1014.0,179,135,12,27,40,21,0,false
2023-05-26 22:07:09,2023-05-27 23:01:43,UTC-07:00,2023-05-27 06:59:35,2023-05-27 09:02:16,122,Swimming,16.4,1223.0,179,138,9,14,45,27,1,false
2023-05-25 22:48:00,2023-05-26 22:07:09,UTC-07:00,2023-05-26 15:00:31,2023-05-26 16:56:55,116,Swimming,13.9,911.0,167,126,10,27,44,7,0,false
2023-05-24 20:40:25,2023-05-25 22:48:00,UTC-07:00,2023-05-25 14:59:10,2023-05-25 17:00:49,121,Swimming,14.7,1015.0,185,129,14,33,36,13,0,false
2023-05-24 20:40:25,2023-05-25 22:48:00,UTC-07:00,2023-05-25 05:17:02,2023-05-25 06:49:40,92,Swimming,14.1,883.0,172,135,7,23,53,16,0,false
2023-05-23 20:45:21,2023-05-24 20:40:25,UTC-07:00,2023-05-24 16:28:23,2023-05-24 18:30:11,121,Swimming,14.1,926.0,176,126,22,21,40,10,0,false
2023-05-22 20:15:29,2023-05-23 20:45:21,UTC-07:00,2023-05-23 15:00:19,2023-05-23 16:54:34,114,Swimming,12.3,748.0,163,119,16,46,25,2,0,false
2023-05-22 20:15:29,2023-05-23 20:45:21,UTC-07:00,2023-05-23 05:15:43,2023-05-23 06:52:09,96,Swimming,15.9,1042.0,179,142,7,12,37,42,0,false
2023-05-21 20:09:14,2023-05-22 20:15:29,UTC-07:00,2023-05-22 15:00:25,2023-05-22 17:01:56,121,Swimming,13.3,879.0,172,123,18,33,41,3,0,false
2023-05-19 21:45:26,2023-05-21 06:10:00,UTC-07:00,2023-05-20 09:00:30,2023-05-20 15:00:00,359,Manual Labor,7.9,624.0,127,90,25,1,0,0,0,false
2023-05-19 21:45:26,2023-05-21 06:10:00,UTC-07:00,2023-05-20 07:03:21,2023-05-20 08:38:05,94,Swimming,15.1,907.0,185,136,14,21,26,34,3,false
2023-05-18 22:15:00,2023-05-19 21:45:26,UTC-07:00,2023-05-19 14:59:36,2023-05-19 17:00:16,120,Swimming,14.9,1056.0,172,132,14,28,42,15,0,false
2023-05-17 20:30:00,2023-05-18 22:15:00,UTC-07:00,2023-05-18 17:04:29,2023-05-18 18:06:46,62,Weightlifting,6.4,225.0,151,102,40,22,3,0,0,false
2023-05-17 20:30:00,2023-05-18 22:15:00,UTC-07:00,2023-05-18 15:00:26,2023-05-18 17:00:00,119,Swimming,12.3,725.0,167,116,26,35,22,3,0,false
2023-05-17 20:30:00,2023-05-18 22:15:00,UTC-07:00,2023-05-18 05:15:30,2023-05-18 06:46:01,90,Swimming,15.4,894.0,190,137,11,22,33,22,8,false
2023-05-16 20:50:17,2023-05-17 20:30:00,UTC-07:00,2023-05-17 14:59:56,2023-05-17 17:00:00,120,Swimming,16.7,1172.0,190,135,12,20,33,24,5,false
2023-05-15 20:56:16,2023-05-16 20:50:17,UTC-07:00,2023-05-16 17:22:43,2023-05-16 18:13:22,50,Strength Trainer,11.9,219.0,130,105,70,22,0,0,0,false
2023-05-15 20:56:16,2023-05-16 20:50:17,UTC-07:00,2023-05-16 15:00:02,2023-05-16 17:19:00,138,Swimming,15.3,1125.0,167,126,20,25,29,17,0,false
2023-05-15 20:56:16,2023-05-16 20:50:17,UTC-07:00,2023-05-16 05:15:27,2023-05-16 06:43:55,88,Swimming,15.8,957.0,186,141,12,16,28,41,3,false
2023-05-14 22:15:40,2023-05-15 20:56:16,UTC-07:00,2023-05-15 14:59:20,2023-05-15 16:57:45,118,Swimming,16.4,1137.0,188,135,14,25,25,29,3,false
2023-05-12 22:00:00,2023-05-13 23:00:44,UTC-07:00,2023-05-13 16:01:17,2023-05-13 16:36:37,35,Swimming,7.7,254.0,169,121,17,39,28,8,0,false
2023-05-12 22:00:00,2023-05-13 23:00:44,UTC-07:00,2023-05-13 07:00:49,2023-05-13 09:03:30,122,Swimming,16.3,1188.0,181,135,11,19,38,25,1,false
2023-05-11 22:45:00,2023-05-12 22:00:00,UTC-07:00,2023-05-12 15:00:26,2023-05-12 17:13:30,133,Swimming,14.6,1025.0,168,125,16,25,38,10,0,false
2023-05-10 20:27:26,2023-05-11 22:45:00,UTC-07:00,2023-05-11 17:12:00,2023-05-11 18:20:00,68,Weightlifting,7.0,263.0,151,105,61,22,1,0,0,false
2023-05-10 20:27:26,2023-05-11 22:45:00,UTC-07:00,2023-05-11 15:00:37,2023-05-11 17:05:41,125,Swimming,16.1,1162.0,186,134,16,19,33,27,1,false
2023-05-10 20:27:26,2023-05-11 22:45:00,UTC-07:00,2023-05-11 05:15:00,2023-05-11 06:47:00,92,Swimming,17.2,1009.0,187,141,13,10,15,40,18,false
2023-05-09 20:45:02,2023-05-10 20:27:26,UTC-07:00,2023-05-10 15:00:23,2023-05-10 17:06:17,125,Swimming,13.9,1056.0,179,132,18,40,33,3,0,false
2023-05-08 20:24:42,2023-05-09 20:45:02,UTC-07:00,2023-05-09 17:25:54,2023-05-09 18:19:09,53,Strength Trainer,10.2,197.0,142,106,53,15,0,0,0,false
2023-05-08 20:24:42,2023-05-09 20:45:02,UTC-07:00,2023-05-09 15:00:49,2023-05-09 17:19:54,139,Swimming,13.5,966.0,171,124,22,27,31,1,0,false
2023-05-08 20:24:42,2023-05-09 20:45:02,UTC-07:00,2023-05-09 05:15:14,2023-05-09 06:53:37,98,Swimming,14.1,935.0,188,138,20,16,48,11,0,false
2023-05-05 22:29:02,2023-05-06 22:45:30,UTC-07:00,2023-05-06 19:33:04,2023-05-06 20:11:01,37,Swimming,6.6,187.0,183,113,40,19,9,3,0,false
2023-05-05 22:29:02,2023-05-06 22:45:30,UTC-07:00,2023-05-06 16:55:00,2023-05-06 17:15:00,20,Swimming,5.6,104.0,179,115,45,12,7,7,0,false
2023-05-05 22:29:02,2023-05-06 22:45:30,UTC-07:00,2023-05-06 15:39:18,2023-05-06 16:17:56,38,Swimming,8.8,337.0,173,134,18,35,39,4,0,false
2023-05-04 21:45:27,2023-05-05 22:29:02,UTC-07:00,2023-05-05 19:28:31,2023-05-05 19:57:31,28,Swimming,13.3,387.0,207,157,9,25,3,19,44,false
2023-05-04 21:45:27,2023-05-05 22:29:02,UTC-07:00,2023-05-05 18:32:55,2023-05-05 19:04:58,32,Swimming,7.5,223.0,158,120,23,43,24,8,0,false
2023-05-03 20:37:26,2023-05-04 21:45:27,UTC-07:00,2023-05-04 05:20:30,2023-05-04 07:06:32,106,Swimming,15.3,948.0,182,131,17,23,31,25,4,false
2023-05-02 21:12:00,2023-05-03 20:37:26,UTC-07:00,2023-05-03 15:01:56,2023-05-03 16:52:17,110,Swimming,15.6,985.0,183,130,13,14,39,25,2,false
2023-05-01 20:15:35,2023-05-02 21:12:00,UTC-07:00,2023-05-02 17:22:48,2023-05-02 18:25:18,62,Weightlifting,8.1,342.0,153,111,44,51,3,0,0,false
2023-05-01 20:15:35,2023-05-02 21:12:00,UTC-07:00,2023-05-02 15:00:15,2023-05-02 17:02:22,122,Swimming,15.3,1061.0,170,128,11,31,39,16,0,false
2023-05-01 20:15:35,2023-05-02 21:12:00,UTC-07:00,2023-05-02 05:15:16,2023-05-02 06:52:14,96,Swimming,16.3,1004.0,182,137,8,17,30,37,6,false
2023-04-30 21:23:47,2023-05-01 20:15:35,UTC-07:00,2023-05-01 15:00:32,2023-05-01 17:07:06,126,Swimming,17.7,1274.0,185,137,9,20,36,21,11,false
2023-04-28 19:45:49,2023-04-29 22:44:20,UTC-07:00,2023-04-29 10:35:00,2023-04-29 11:00:00,25,Weightlifting,4.2,46.0,119,87,31,3,0,0,0,false
2023-04-28 19:45:49,2023-04-29 22:44:20,UTC-07:00,2023-04-29 09:24:23,2023-04-29 10:06:08,41,Weightlifting,5.9,156.0,145,103,62,22,4,0,0,false
2023-04-28 19:45:49,2023-04-29 22:44:20,UTC-07:00,2023-04-29 07:00:04,2023-04-29 09:08:34,128,Swimming,17.0,1313.0,185,138,11,11,42,34,2,false
2023-04-27 21:44:24,2023-04-28 19:45:49,UTC-07:00,2023-04-28 15:00:15,2023-04-28 17:05:50,125,Swimming,13.9,849.0,171,119,18,30,26,12,0,false
2023-04-26 20:30:55,2023-04-27 21:44:24,UTC-07:00,2023-04-27 17:15:36,2023-04-27 18:18:55,63,Ultimate Frisbee,14.0,575.0,180,132,20,23,10,29,12,false
2023-04-26 20:30:55,2023-04-27 21:44:24,UTC-07:00,2023-04-27 15:02:00,2023-04-27 17:02:24,120,Swimming,16.1,1090.0,175,132,17,16,45,18,2,false
2023-04-26 20:30:55,2023-04-27 21:44:24,UTC-07:00,2023-04-27 05:15:26,2023-04-27 06:54:08,98,Swimming,15.2,943.0,182,134,11,17,48,21,2,false
2023-04-25 21:10:48,2023-04-26 20:30:55,UTC-07:00,2023-04-26 19:45:17,2023-04-26 20:00:39,15,Strength Trainer,4.3,40.0,140,88,23,21,3,0,0,false
2023-04-25 21:10:48,2023-04-26 20:30:55,UTC-07:00,2023-04-26 15:00:36,2023-04-26 17:03:06,122,Swimming,14.7,947.0,179,124,22,25,34,15,0,false
2023-04-24 21:35:26,2023-04-25 21:10:48,UTC-07:00,2023-04-25 17:29:08,2023-04-25 18:07:31,38,Strength Trainer,14.1,258.0,153,119,16,55,27,0,0,false
2023-04-24 21:35:26,2023-04-25 21:10:48,UTC-07:00,2023-04-25 15:00:21,2023-04-25 17:06:21,126,Swimming,15.3,1066.0,181,128,11,21,47,14,1,false
2023-04-24 21:35:26,2023-04-25 21:10:48,UTC-07:00,2023-04-25 05:15:32,2023-04-25 06:53:30,97,Swimming,16.4,1036.0,182,140,11,11,35,38,5,false
2023-04-22 22:36:53,2023-04-23 21:12:47,UTC-07:00,2023-04-23 09:21:46,2023-04-23 10:56:53,95,Weightlifting,7.2,303.0,140,97,55,12,2,0,0,false
2023-04-21 21:00:00,2023-04-22 22:36:53,UTC-07:00,2023-04-22 08:47:20,2023-04-22 09:42:25,55,Weightlifting,8.6,365.0,150,118,21,65,14,0,0,false
2023-04-21 21:00:00,2023-04-22 22:36:53,UTC-07:00,2023-04-22 07:00:01,2023-04-22 08:32:36,92,Swimming,15.5,911.0,177,135,12,21,35,30,1,false
2023-04-20 21:46:27,2023-04-21 21:00:00,UTC-07:00,2023-04-21 05:15:59,2023-04-21 06:52:31,96,Swimming,13.0,664.0,177,119,26,32,22,12,0,false
2023-04-19 20:30:16,2023-04-20 21:46:27,UTC-07:00,2023-04-20 17:22:25,2023-04-20 18:07:53,45,Weightlifting,7.5,273.0,144,116,34,51,15,0,0,false
2023-04-19 20:30:16,2023-04-20 21:46:27,UTC-07:00,2023-04-20 15:00:08,2023-04-20 17:04:30,124,Swimming,16.8,1163.0,182,133,14,17,41,19,7,false
2023-04-19 20:30:16,2023-04-20 21:46:27,UTC-07:00,2023-04-20 05:15:33,2023-04-20 07:02:16,106,Swimming,16.3,1038.0,180,135,10,25,26,31,6,false
2023-04-18 21:10:53,2023-04-19 20:30:16,UTC-07:00,2023-04-19 19:16:00,2023-04-19 20:30:00,74,Weightlifting,4.5,123.0,134,76,16,5,0,0,0,false
2023-04-18 21:10:53,2023-04-19 20:30:16,UTC-07:00,2023-04-19 15:00:23,2023-04-19 17:06:20,125,Swimming,16.4,1179.0,183,133,8,26,38,23,3,false
2023-04-17 20:23:31,2023-04-18 21:10:53,UTC-07:00,2023-04-18 17:20:08,2023-04-18 18:16:57,56,Weightlifting,6.7,234.0,156,104,50,29,5,0,0,false
2023-04-17 20:23:31,2023-04-18 21:10:53,UTC-07:00,2023-04-18 15:01:30,2023-04-18 17:02:31,121,Swimming,15.2,957.0,185,125,21,34,27,8,6,false
2023-04-17 20:23:31,2023-04-18 21:10:53,UTC-07:00,2023-04-18 05:17:46,2023-04-18 06:56:29,98,Swimming,16.2,1059.0,181,140,4,14,44,35,3,false
2023-04-16 21:11:58,2023-04-17 20:23:31,UTC-07:00,2023-04-17 15:00:40,2023-04-17 17:02:55,122,Swimming,17.4,1253.0,184,138,10,17,31,38,3,false
2023-04-15 23:13:02,2023-04-16 21:11:58,UTC-07:00,2023-04-16 10:10:18,2023-04-16 11:12:51,62,Weightlifting,6.9,257.0,140,104,51,31,2,0,0,false
2023-04-14 21:44:34,2023-04-15 23:13:02,UTC-07:00,2023-04-15 09:22:22,2023-04-15 10:12:19,49,Weightlifting,8.0,293.0,162,115,33,51,9,4,0,false
2023-04-14 21:44:34,2023-04-15 23:13:02,UTC-07:00,2023-04-15 07:00:31,2023-04-15 09:02:39,122,Swimming,14.0,867.0,178,121,26,33,19,16,0,false
2023-04-13 23:15:00,2023-04-14 21:44:34,UTC-07:00,2023-04-14 15:00:26,2023-04-14 17:02:44,122,Swimming,14.2,889.0,168,122,23,32,28,13,0,false
2023-04-12 20:30:27,2023-04-13 23:15:00,UTC-07:00,2023-04-13 17:17:53,2023-04-13 18:06:52,48,Weightlifting,5.8,158.0,131,100,63,21,0,0,0,false
2023-04-12 20:30:27,2023-04-13 23:15:00,UTC-07:00,2023-04-13 15:02:30,2023-04-13 17:02:31,120,Swimming,13.2,763.0,178,117,17,38,21,9,0,false
2023-04-12 20:30:27,2023-04-13 23:15:00,UTC-07:00,2023-04-13 05:17:06,2023-04-13 06:52:03,94,Swimming,16.0,924.0,186,139,10,18,21,39,10,false
2023-04-11 20:36:40,2023-04-12 20:30:27,UTC-07:00,2023-04-12 15:00:23,2023-04-12 17:03:05,122,Swimming,13.6,796.0,173,124,19,38,22,17,0,false
2023-04-10 20:24:47,2023-04-11 20:36:40,UTC-07:00,2023-04-11 17:12:55,2023-04-11 18:11:45,58,Weightlifting,9.0,367.0,163,117,27,50,18,3,0,false
2023-04-10 20:24:47,2023-04-11 20:36:40,UTC-07:00,2023-04-11 15:00:00,2023-04-11 17:01:00,121,Swimming,14.0,925.0,164,125,14,28,47,8,0,false
2023-04-10 20:24:47,2023-04-11 20:36:40,UTC-07:00,2023-04-11 05:16:06,2023-04-11 06:52:17,96,Swimming,16.3,1011.0,188,140,3,24,29,36,7,false
2023-04-09 20:51:03,2023-04-10 20:24:47,UTC-07:00,2023-04-10 15:00:54,2023-04-10 17:02:43,121,Swimming,14.8,972.0,177,125,19,34,28,14,1,false
2023-04-08 22:50:05,2023-04-09 20:51:03,UTC-07:00,2023-04-09 14:55:50,2023-04-09 16:23:31,87,Weightlifting,5.4,183.0,135,90,40,7,0,0,0,false
2023-04-07 20:37:19,2023-04-08 22:50:05,UTC-07:00,2023-04-08 09:22:42,2023-04-08 10:02:45,40,Weightlifting,6.9,218.0,158,114,35,48,14,1,0,false
2023-04-07 20:37:19,2023-04-08 22:50:05,UTC-07:00,2023-04-08 07:01:50,2023-04-08 09:04:22,122,Swimming,17.7,1266.0,186,139,8,17,28,35,10,false
2023-04-06 21:13:00,2023-04-07 20:37:19,UTC-07:00,2023-04-07 14:58:12,2023-04-07 17:02:57,124,Swimming,15.7,1117.0,174,132,7,23,49,19,0,false
2023-04-05 21:13:24,2023-04-06 21:13:00,UTC-07:00,2023-04-06 17:18:36,2023-04-06 18:09:20,50,Weightlifting,8.6,325.0,168,118,24,60,10,5,0,false
2023-04-05 21:13:24,2023-04-06 21:13:00,UTC-07:00,2023-04-06 15:01:19,2023-04-06 17:01:40,120,Swimming,15.5,1057.0,172,130,11,24,36,25,0,false
2023-04-03 21:11:09,2023-04-04 21:33:00,UTC-07:00,2023-04-04 17:21:51,2023-04-04 18:05:52,44,Weightlifting,8.3,314.0,156,121,15,51,32,2,0,false
2023-04-03 21:11:09,2023-04-04 21:33:00,UTC-07:00,2023-04-04 15:02:25,2023-04-04 17:02:21,119,Swimming,16.4,1150.0,183,134,10,24,40,20,6,false
2023-04-03 21:11:09,2023-04-04 21:33:00,UTC-07:00,2023-04-04 05:19:37,2023-04-04 06:50:19,90,Swimming,16.5,1036.0,184,144,3,8,36,45,7,false
2023-04-02 21:13:07,2023-04-03 21:11:09,UTC-07:00,2023-04-03 19:38:04,2023-04-03 19:43:30,5,Running,5.9,62.0,179,144,12,11,23,29,25,false
2023-04-02 21:13:07,2023-04-03 21:11:09,UTC-07:00,2023-04-03 18:02:48,2023-04-03 19:35:56,93,Weightlifting,8.8,426.0,143,106,48,37,2,0,0,false
2023-04-02 21:13:07,2023-04-03 21:11:09,UTC-07:00,2023-04-03 15:00:51,2023-04-03 17:00:37,119,Swimming,18.9,1445.0,187,148,5,11,19,49,14,false
2023-03-26 23:19:28,2023-03-27 22:30:48,UTC-07:00,2023-03-27 15:03:20,2023-03-27 16:45:55,102,Swimming,13.1,759.0,165,123,17,32,40,7,0,false
2023-03-24 20:07:59,2023-03-25 23:00:24,UTC-07:00,2023-03-25 07:08:34,2023-03-25 09:02:30,113,Activity,12.0,661.0,162,114,30,35,21,4,0,false
2023-03-23 22:25:05,2023-03-24 20:07:59,UTC-07:00,2023-03-24 15:34:02,2023-03-24 17:01:31,87,Swimming,11.0,488.0,173,114,25,21,29,6,0,false
2023-03-22 21:32:19,2023-03-23 22:25:05,UTC-07:00,2023-03-23 15:03:08,2023-03-23 17:02:53,119,Swimming,11.4,601.0,165,111,30,24,23,3,0,false
2023-03-21 21:45:05,2023-03-22 21:32:19,UTC-07:00,2023-03-22 17:16:14,2023-03-22 18:16:27,60,Other,4.6,96.0,118,93,51,0,0,0,0,false
2023-03-21 21:45:05,2023-03-22 21:32:19,UTC-07:00,2023-03-22 14:59:23,2023-03-22 17:05:07,125,Swimming,13.3,682.0,179,114,34,22,14,10,3,false
2023-03-20 21:15:46,2023-03-21 21:45:05,UTC-07:00,2023-03-21 14:54:58,2023-03-21 17:02:00,127,Swimming,15.0,999.0,172,128,15,20,38,21,0,false
2023-03-19 21:30:04,2023-03-20 21:15:46,UTC-07:00,2023-03-20 17:26:57,2023-03-20 18:08:23,41,Other,4.6,80.0,119,99,82,5,0,0,0,false
2023-03-19 21:30:04,2023-03-20 21:15:46,UTC-07:00,2023-03-20 15:00:47,2023-03-20 17:00:49,120,Swimming,14.1,873.0,175,126,15,27,35,17,1,false
2023-03-17 21:10:54,2023-03-18 21:22:23,UTC-07:00,2023-03-18 09:24:20,2023-03-18 10:23:04,58,Other,10.2,394.0,185,122,29,40,18,10,2,false
2023-03-17 21:10:54,2023-03-18 21:22:23,UTC-07:00,2023-03-18 07:05:26,2023-03-18 09:04:02,118,Swimming,14.4,882.0,179,125,21,31,24,19,0,false
2023-03-16 22:37:29,2023-03-17 21:10:54,UTC-07:00,2023-03-17 05:26:00,2023-03-17 07:03:00,97,Swimming,10.1,501.0,161,113,35,42,16,2,0,false
2023-03-15 21:30:07,2023-03-16 22:37:29,UTC-07:00,2023-03-16 15:00:00,2023-03-16 17:04:00,124,Swimming,11.9,665.0,163,115,32,29,26,3,0,false
2023-03-14 22:16:48,2023-03-15 21:30:07,UTC-07:00,2023-03-15 17:22:08,2023-03-15 18:32:13,70,Other,8.7,378.0,156,114,30,49,16,1,0,false
2023-03-14 22:16:48,2023-03-15 21:30:07,UTC-07:00,2023-03-15 14:56:43,2023-03-15 17:03:40,126,Swimming,13.5,756.0,179,117,37,25,15,12,1,false
2023-03-13 22:19:40,2023-03-14 22:16:48,UTC-07:00,2023-03-14 15:06:36,2023-03-14 16:56:37,110,Swimming,13.1,760.0,170,121,29,33,26,9,0,false
2023-03-07 21:00:21,2023-03-08 20:30:53,UTC-08:00,2023-03-08 16:36:00,2023-03-08 17:26:00,50,Swimming,7.2,248.0,153,110,41,32,16,0,0,false
2023-03-06 21:00:41,2023-03-07 21:00:21,UTC-08:00,2023-03-07 15:01:44,2023-03-07 16:29:42,87,Swimming,7.4,293.0,149,100,61,17,3,0,0,false
2023-03-05 20:45:12,2023-03-06 21:00:41,UTC-08:00,2023-03-06 14:58:39,2023-03-06 16:44:50,106,Swimming,8.7,411.0,149,104,54,22,8,0,0,false
2023-03-03 21:05:30,2023-03-04 23:20:06,UTC-08:00,2023-03-04 07:07:29,2023-03-04 09:00:00,112,Swimming,8.6,413.0,159,101,41,28,3,0,0,false
